id,title,description,availability,condition,price,link,image_link,brand,inventory,quantity_to_sell_on_facebook
17786909119811s5x,Amplificador Imagen Celular,Importado masivamente,in stock,new,10000.00 ARS,https://gigacomputers.com.ar/index.html?id=17786909119811s5x,https://gigacomputers.com.ar/assets/products/prod_17786909119811s5x.jpg,GIGA Computers,99,99
1778690911981x6uc,Anillo Celular,Importado masivamente,in stock,new,4000.00 ARS,https://gigacomputers.com.ar/index.html?id=1778690911981x6uc,https://gigacomputers.com.ar/assets/products/prod_1778690911981x6uc.jpg,GIGA Computers,99,99
1778690911982uwkr,Apoya celular,Importado masivamente,in stock,new,5000.00 ARS,https://gigacomputers.com.ar/index.html?id=1778690911982uwkr,https://gigacomputers.com.ar/assets/products/prod_1778690911982uwkr.jpg,GIGA Computers,99,99
1778690911982wt1f,Aro Selfie Chico,Importado masivamente,in stock,new,5000.00 ARS,https://gigacomputers.com.ar/index.html?id=1778690911982wt1f,https://gigacomputers.com.ar/assets/products/prod_1778690911982wt1f.jpg,GIGA Computers,99,99
1778690911982jzpn,Aro Selfie RGB,Importado masivamente,in stock,new,17000.00 ARS,https://gigacomputers.com.ar/index.html?id=1778690911982jzpn,https://gigacomputers.com.ar/assets/products/prod_1778690911982jzpn.jpg,GIGA Computers,99,99
1778690911982z56u,Auricular Under Armour,Importado masivamente,in stock,new,9000.00 ARS,https://gigacomputers.com.ar/index.html?id=1778690911982z56u,https://gigacomputers.com.ar/assets/products/prod_1778690911982z56u.jpg,GIGA Computers,99,99
1778690911982dp5k,Balanza Chica,Importado masivamente,in stock,new,9500.00 ARS,https://gigacomputers.com.ar/index.html?id=1778690911982dp5k,https://gigacomputers.com.ar/assets/products/prod_1778690911982dp5k.jpg,GIGA Computers,99,99
1778690911982lhh3,Balanza Equipaje,Importado masivamente,in stock,new,9000.00 ARS,https://gigacomputers.com.ar/index.html?id=1778690911982lhh3,https://gigacomputers.com.ar/assets/products/prod_1778690911982lhh3.jpg,GIGA Computers,99,99
1778690911982oudi,Balanza Grande,Importado masivamente,in stock,new,13500.00 ARS,https://gigacomputers.com.ar/index.html?id=1778690911982oudi,https://gigacomputers.com.ar/assets/products/prod_1778690911982oudi.jpg,GIGA Computers,99,99
17786909119835m2b,Baston Selfie,Importado masivamente,in stock,new,7500.00 ARS,https://gigacomputers.com.ar/index.html?id=17786909119835m2b,https://gigacomputers.com.ar/assets/products/prod_17786909119835m2b.jpg,GIGA Computers,99,99
17786909119838blf,Baston Selfie con Bluetooth,Importado masivamente,in stock,new,9500.00 ARS,https://gigacomputers.com.ar/index.html?id=17786909119838blf,https://gigacomputers.com.ar/assets/products/prod_17786909119838blf.jpg,GIGA Computers,99,99
17786909119832vi9,Bluetooth 5.0,Importado masivamente,in stock,new,6000.00 ARS,https://gigacomputers.com.ar/index.html?id=17786909119832vi9,https://gigacomputers.com.ar/assets/products/prod_17786909119832vi9.jpg,GIGA Computers,99,99
1778690911983m3tn,Bluetooth auto,Importado masivamente,in stock,new,6000.00 ARS,https://gigacomputers.com.ar/index.html?id=1778690911983m3tn,https://gigacomputers.com.ar/assets/products/prod_1778690911983m3tn.jpg,GIGA Computers,99,99
1778690911983vcb8,Brazalete Celular Running,Importado masivamente,in stock,new,5000.00 ARS,https://gigacomputers.com.ar/index.html?id=1778690911983vcb8,https://gigacomputers.com.ar/assets/products/prod_1778690911983vcb8.jpg,GIGA Computers,99,99
1778690911983fjgw,Cable Usb Reforzado multiple,Importado masivamente,in stock,new,7000.00 ARS,https://gigacomputers.com.ar/index.html?id=1778690911983fjgw,https://gigacomputers.com.ar/assets/products/prod_1778690911983fjgw.jpg,GIGA Computers,99,99
1778690911983phqg,Caddy Notebook,Importado masivamente,in stock,new,10500.00 ARS,https://gigacomputers.com.ar/index.html?id=1778690911983phqg,https://gigacomputers.com.ar/assets/products/prod_1778690911983phqg.jpg,GIGA Computers,99,99
1778690911983duq2,Caja Sata 2.5 2.0,Importado masivamente,in stock,new,13500.00 ARS,https://gigacomputers.com.ar/index.html?id=1778690911983duq2,https://gigacomputers.com.ar/assets/products/prod_1778690911983duq2.jpg,GIGA Computers,99,99
1778690911983gcco,Caja Sata 3.0,Importado masivamente,in stock,new,18000.00 ARS,https://gigacomputers.com.ar/index.html?id=1778690911983gcco,https://gigacomputers.com.ar/assets/products/prod_1778690911983gcco.jpg,GIGA Computers,99,99
17786909119839rns,Candado Notebook,Importado masivamente,in stock,new,12000.00 ARS,https://gigacomputers.com.ar/index.html?id=17786909119839rns,https://gigacomputers.com.ar/assets/products/prod_17786909119839rns.jpg,GIGA Computers,99,99
1778690911983pu0w,Cargador Motorola 168W,Importado masivamente,in stock,new,29500.00 ARS,https://gigacomputers.com.ar/index.html?id=1778690911983pu0w,https://gigacomputers.com.ar/assets/products/prod_1778690911983pu0w.jpg,GIGA Computers,99,99
1778690911983f89h,Cargador Motorola 68w,Importado masivamente,in stock,new,17500.00 ARS,https://gigacomputers.com.ar/index.html?id=1778690911983f89h,https://gigacomputers.com.ar/assets/products/prod_1778690911983f89h.jpg,GIGA Computers,99,99
1778690911984r0o1,Cartucho 60 Gneiss Color,Importado masivamente,in stock,new,37000.00 ARS,https://gigacomputers.com.ar/index.html?id=1778690911984r0o1,https://gigacomputers.com.ar/assets/products/prod_1778690911984r0o1.webp,GIGA Computers,99,99
1778690911984znl2,Control Aire Acondicionado Digital,Importado masivamente,in stock,new,8500.00 ARS,https://gigacomputers.com.ar/index.html?id=1778690911984znl2,https://gigacomputers.com.ar/assets/products/prod_1778690911984znl2.jpg,GIGA Computers,99,99
1778690911984lmg7,Control Remoto Smart TV,Importado masivamente,in stock,new,9500.00 ARS,https://gigacomputers.com.ar/index.html?id=1778690911984lmg7,https://gigacomputers.com.ar/assets/products/prod_1778690911984lmg7.jpg,GIGA Computers,99,99
1778690911984eoxt,Control Remoto TV,Importado masivamente,in stock,new,5500.00 ARS,https://gigacomputers.com.ar/index.html?id=1778690911984eoxt,https://gigacomputers.com.ar/assets/products/prod_1778690911984eoxt.jpg,GIGA Computers,99,99
17786909119845ly5,Crimpeadora,Importado masivamente,in stock,new,19000.00 ARS,https://gigacomputers.com.ar/index.html?id=17786909119845ly5,https://gigacomputers.com.ar/assets/products/prod_17786909119845ly5.jpg,GIGA Computers,99,99
1778690911984ckrf,Chispero,Importado masivamente,in stock,new,4000.00 ARS,https://gigacomputers.com.ar/index.html?id=1778690911984ckrf,https://gigacomputers.com.ar/assets/products/prod_1778690911984ckrf.jpg,GIGA Computers,99,99
1778690911984kxjf,Destornillador Kit Amarillo,Importado masivamente,in stock,new,6000.00 ARS,https://gigacomputers.com.ar/index.html?id=1778690911984kxjf,https://gigacomputers.com.ar/assets/products/prod_1778690911984kxjf.jpg,GIGA Computers,99,99
1778690911984lsil,Fichas RJ45,Importado masivamente,in stock,new,250.00 ARS,https://gigacomputers.com.ar/index.html?id=1778690911984lsil,https://gigacomputers.com.ar/assets/products/prod_1778690911984lsil.jpg,GIGA Computers,99,99
1778690911984m3bn,Hub 4 Ports Tipo C,Importado masivamente,in stock,new,12500.00 ARS,https://gigacomputers.com.ar/index.html?id=1778690911984m3bn,https://gigacomputers.com.ar/assets/products/prod_1778690911984m3bn.jpg,GIGA Computers,99,99
1778690911985hphk,Hub Usb 7 Ports,Importado masivamente,in stock,new,8000.00 ARS,https://gigacomputers.com.ar/index.html?id=1778690911985hphk,https://gigacomputers.com.ar/assets/products/prod_1778690911985hphk.jpg,GIGA Computers,99,99
1778690911985ak9p,Lapiz tactil Chico,Importado masivamente,in stock,new,1500.00 ARS,https://gigacomputers.com.ar/index.html?id=1778690911985ak9p,https://gigacomputers.com.ar/assets/products/prod_1778690911985ak9p.jpg,GIGA Computers,99,99
1778690911985kq6w,Lapiz Tactil Dibujo,Importado masivamente,in stock,new,13000.00 ARS,https://gigacomputers.com.ar/index.html?id=1778690911985kq6w,https://gigacomputers.com.ar/assets/products/prod_1778690911985kq6w.jpg,GIGA Computers,99,99
17786909119853br5,Lector Micro SD,Importado masivamente,in stock,new,3000.00 ARS,https://gigacomputers.com.ar/index.html?id=17786909119853br5,https://gigacomputers.com.ar/assets/products/prod_17786909119853br5.jpg,GIGA Computers,99,99
1778690911985cnib,Lector Multi 4 in 1,Importado masivamente,in stock,new,4000.00 ARS,https://gigacomputers.com.ar/index.html?id=1778690911985cnib,https://gigacomputers.com.ar/assets/products/prod_1778690911985cnib.jpg,GIGA Computers,99,99
1778690911985uvxt,Linterna Led caja verde,Importado masivamente,in stock,new,7000.00 ARS,https://gigacomputers.com.ar/index.html?id=1778690911985uvxt,https://gigacomputers.com.ar/assets/products/prod_1778690911985uvxt.webp,GIGA Computers,99,99
17786909119856oq6,Linterna Led Grande,Importado masivamente,in stock,new,14000.00 ARS,https://gigacomputers.com.ar/index.html?id=17786909119856oq6,https://gigacomputers.com.ar/assets/products/prod_17786909119856oq6.jpg,GIGA Computers,99,99
17786909119860qfw,Linterna Minera Vincha,Importado masivamente,in stock,new,9000.00 ARS,https://gigacomputers.com.ar/index.html?id=17786909119860qfw,https://gigacomputers.com.ar/assets/products/prod_17786909119860qfw.jpg,GIGA Computers,99,99
1778690911986y52x,Luces LEd 3 metros,Importado masivamente,in stock,new,12500.00 ARS,https://gigacomputers.com.ar/index.html?id=1778690911986y52x,https://gigacomputers.com.ar/assets/products/prod_1778690911986y52x.jpg,GIGA Computers,99,99
1778691005785j2l9,Luces LEd 5 metros,Importado masivamente,in stock,new,16500.00 ARS,https://gigacomputers.com.ar/index.html?id=1778691005785j2l9,https://gigacomputers.com.ar/assets/products/prod_1778691005785j2l9.jpg,GIGA Computers,99,99
1778691005785d6tp,Luz Bici Recargable,Importado masivamente,in stock,new,5000.00 ARS,https://gigacomputers.com.ar/index.html?id=1778691005785d6tp,https://gigacomputers.com.ar/assets/products/prod_1778691005785d6tp.jpg,GIGA Computers,99,99
17786910057863wgc,Luz de Emergemcia 60 Led,Importado masivamente,in stock,new,29000.00 ARS,https://gigacomputers.com.ar/index.html?id=17786910057863wgc,https://gigacomputers.com.ar/assets/products/prod_17786910057863wgc.jpg,GIGA Computers,99,99
1778691005787zbdq,Luz Led Bici x 2,Importado masivamente,in stock,new,6000.00 ARS,https://gigacomputers.com.ar/index.html?id=1778691005787zbdq,https://gigacomputers.com.ar/assets/products/prod_1778691005787zbdq.jpg,GIGA Computers,99,99
1778691005787m12h,Media Pointer Genius 100 Presentador,Importado masivamente,in stock,new,55000.00 ARS,https://gigacomputers.com.ar/index.html?id=1778691005787m12h,https://gigacomputers.com.ar/assets/products/prod_1778691005787m12h.jpg,GIGA Computers,99,99
1778691005788et7q,Placa sonido 5.1,Importado masivamente,in stock,new,5000.00 ARS,https://gigacomputers.com.ar/index.html?id=1778691005788et7q,https://gigacomputers.com.ar/assets/products/prod_1778691005788et7q.jpg,GIGA Computers,99,99
17786910057889jis,Pilas Recargas x4 Deleex aa,Importado masivamente,in stock,new,25000.00 ARS,https://gigacomputers.com.ar/index.html?id=17786910057889jis,https://gigacomputers.com.ar/assets/products/prod_17786910057889jis.jpg,GIGA Computers,99,99
1778691005788vpg8,Pilas Recargas x4 Deleex aaa,Importado masivamente,in stock,new,20000.00 ARS,https://gigacomputers.com.ar/index.html?id=1778691005788vpg8,https://gigacomputers.com.ar/assets/products/prod_1778691005788vpg8.jpg,GIGA Computers,99,99
1778691005789ejep,Placa Sonido Noga 5.1,Importado masivamente,in stock,new,6500.00 ARS,https://gigacomputers.com.ar/index.html?id=1778691005789ejep,https://gigacomputers.com.ar/assets/products/prod_1778691005789ejep.jpg,GIGA Computers,99,99
1778691005789fvba,Placa Sonido USB 7.1,Importado masivamente,in stock,new,7500.00 ARS,https://gigacomputers.com.ar/index.html?id=1778691005789fvba,https://gigacomputers.com.ar/assets/products/prod_1778691005789fvba.jpg,GIGA Computers,99,99
17786910057890932,Placas Wifi Noga Duales,Importado masivamente,in stock,new,18000.00 ARS,https://gigacomputers.com.ar/index.html?id=17786910057890932,https://gigacomputers.com.ar/assets/products/prod_17786910057890932.jpg,GIGA Computers,99,99
1778691005789x47e,Protector de Tension 10A,Importado masivamente,in stock,new,19000.00 ARS,https://gigacomputers.com.ar/index.html?id=1778691005789x47e,https://gigacomputers.com.ar/assets/products/prod_1778691005789x47e.jpg,GIGA Computers,99,99
1778691005790xe6g,Protector de Tension 20A,Importado masivamente,in stock,new,23500.00 ARS,https://gigacomputers.com.ar/index.html?id=1778691005790xe6g,https://gigacomputers.com.ar/assets/products/prod_1778691005790xe6g.jpg,GIGA Computers,99,99
1778691005790jg51,Switch HDMI con remoto,Importado masivamente,in stock,new,13500.00 ARS,https://gigacomputers.com.ar/index.html?id=1778691005790jg51,https://gigacomputers.com.ar/assets/products/prod_1778691005790jg51.jpg,GIGA Computers,99,99
1778691005790q8za,Switch HDMI Sin remoto,Importado masivamente,in stock,new,9500.00 ARS,https://gigacomputers.com.ar/index.html?id=1778691005790q8za,https://gigacomputers.com.ar/assets/products/prod_1778691005790q8za.jpg,GIGA Computers,99,99
1778691005790y30o,Tableta Genius EasyPen i405,Importado masivamente,in stock,new,75000.00 ARS,https://gigacomputers.com.ar/index.html?id=1778691005790y30o,https://gigacomputers.com.ar/assets/products/prod_1778691005790y30o.jpg,GIGA Computers,99,99
1778691005791e0l1,Tester Digital,Importado masivamente,in stock,new,11000.00 ARS,https://gigacomputers.com.ar/index.html?id=1778691005791e0l1,https://gigacomputers.com.ar/assets/products/prod_1778691005791e0l1.jpg,GIGA Computers,99,99
1778691005791phoq,Timbre V-Zorr,Importado masivamente,in stock,new,10000.00 ARS,https://gigacomputers.com.ar/index.html?id=1778691005791phoq,https://gigacomputers.com.ar/assets/products/prod_1778691005791phoq.jpg,GIGA Computers,99,99
1778691005791cnj0,Tv Box 4K,Importado masivamente,in stock,new,39000.00 ARS,https://gigacomputers.com.ar/index.html?id=1778691005791cnj0,https://gigacomputers.com.ar/assets/products/prod_1778691005791cnj0.jpg,GIGA Computers,99,99
1778691005791mjf2,Velador Luces Suono,Importado masivamente,in stock,new,13500.00 ARS,https://gigacomputers.com.ar/index.html?id=1778691005791mjf2,https://gigacomputers.com.ar/assets/products/prod_1778691005791mjf2.jpg,GIGA Computers,99,99
177869108755857xo,Adaptador doble mini plug hembra a macho,Importado masivamente,in stock,new,3000.00 ARS,https://gigacomputers.com.ar/index.html?id=177869108755857xo,https://gigacomputers.com.ar/assets/products/prod_177869108755857xo.jpg,GIGA Computers,99,99
1778691087559no04,Adaptador Electricidad Triple,Importado masivamente,in stock,new,35000.00 ARS,https://gigacomputers.com.ar/index.html?id=1778691087559no04,https://gigacomputers.com.ar/assets/products/prod_1778691087559no04.jpg,GIGA Computers,99,99
1778691087559otk8,Adaptador Hdmi a DVI,Importado masivamente,in stock,new,4500.00 ARS,https://gigacomputers.com.ar/index.html?id=1778691087559otk8,https://gigacomputers.com.ar/assets/products/prod_1778691087559otk8.jpg,GIGA Computers,99,99
1778691087559oo6i,Adaptador HDMI Hembra,Importado masivamente,in stock,new,4000.00 ARS,https://gigacomputers.com.ar/index.html?id=1778691087559oo6i,https://gigacomputers.com.ar/assets/products/prod_1778691087559oo6i.jpg,GIGA Computers,99,99
1778691087559j8gs,Adaptador HDMI VGA Sin Audio,Importado masivamente,in stock,new,7500.00 ARS,https://gigacomputers.com.ar/index.html?id=1778691087559j8gs,https://gigacomputers.com.ar/assets/products/prod_1778691087559j8gs.jpg,GIGA Computers,99,99
1778691087560kw8k,Adaptador Iphone,Importado masivamente,in stock,new,5000.00 ARS,https://gigacomputers.com.ar/index.html?id=1778691087560kw8k,https://gigacomputers.com.ar/assets/products/prod_1778691087560kw8k.jpg,GIGA Computers,99,99
1778691087560dydn,Adaptador Micro Hdmi a HDMI,Importado masivamente,in stock,new,4000.00 ARS,https://gigacomputers.com.ar/index.html?id=1778691087560dydn,https://gigacomputers.com.ar/assets/products/prod_1778691087560dydn.jpg,GIGA Computers,99,99
1778691087560qnsw,Adaptador Mini Hdmi a HDMI,Importado masivamente,in stock,new,4000.00 ARS,https://gigacomputers.com.ar/index.html?id=1778691087560qnsw,https://gigacomputers.com.ar/assets/products/prod_1778691087560qnsw.jpg,GIGA Computers,99,99
17786910875602071,Adaptador para Foco,Importado masivamente,in stock,new,2500.00 ARS,https://gigacomputers.com.ar/index.html?id=17786910875602071,https://gigacomputers.com.ar/assets/products/prod_17786910875602071.jpg,GIGA Computers,99,99
1778691087561gr1j,Adaptador Pared 2 Patas,Importado masivamente,in stock,new,1000.00 ARS,https://gigacomputers.com.ar/index.html?id=1778691087561gr1j,https://gigacomputers.com.ar/assets/products/prod_1778691087561gr1j.jpg,GIGA Computers,99,99
17786910875612mto,Adaptador Pared 3 Patas,Importado masivamente,in stock,new,1000.00 ARS,https://gigacomputers.com.ar/index.html?id=17786910875612mto,https://gigacomputers.com.ar/assets/products/prod_17786910875612mto.jpg,GIGA Computers,99,99
1778691087561e776,Adaptador USB a RS232,Importado masivamente,in stock,new,13500.00 ARS,https://gigacomputers.com.ar/index.html?id=1778691087561e776,https://gigacomputers.com.ar/assets/products/prod_1778691087561e776.jpg,GIGA Computers,99,99
17786910875616e1j,Adaptador VGA a DVI,Importado masivamente,in stock,new,14000.00 ARS,https://gigacomputers.com.ar/index.html?id=17786910875616e1j,https://gigacomputers.com.ar/assets/products/prod_17786910875616e1j.jpg,GIGA Computers,99,99
1778691087562lz9f,Adaptador Viajero,Importado masivamente,in stock,new,6000.00 ARS,https://gigacomputers.com.ar/index.html?id=1778691087562lz9f,https://gigacomputers.com.ar/assets/products/prod_1778691087562lz9f.jpg,GIGA Computers,99,99
1778691087562oypx,Auricular YDMini,Importado masivamente,in stock,new,18000.00 ARS,https://gigacomputers.com.ar/index.html?id=1778691087562oypx,https://gigacomputers.com.ar/assets/products/prod_1778691087562oypx.jpg,GIGA Computers,99,99
1778691087562w3yx,Conversor HDMI 2 AV // 2 AV HDMI,Importado masivamente,in stock,new,13500.00 ARS,https://gigacomputers.com.ar/index.html?id=1778691087562w3yx,https://gigacomputers.com.ar/assets/products/prod_1778691087562w3yx.jpg,GIGA Computers,99,99
1778691087563xlkj,Conversor Tipo C  a HDMI/VGA,Importado masivamente,in stock,new,25000.00 ARS,https://gigacomputers.com.ar/index.html?id=1778691087563xlkj,https://gigacomputers.com.ar/assets/products/prod_1778691087563xlkj.jpg,GIGA Computers,99,99
1778691087563jh8q,Display Port a Hdmi,Importado masivamente,in stock,new,13000.00 ARS,https://gigacomputers.com.ar/index.html?id=1778691087563jh8q,https://gigacomputers.com.ar/assets/products/prod_1778691087563jh8q.jpg,GIGA Computers,99,99
1778691087564km5k,Display port a VGA,Importado masivamente,in stock,new,13000.00 ARS,https://gigacomputers.com.ar/index.html?id=1778691087564km5k,https://gigacomputers.com.ar/assets/products/prod_1778691087564km5k.jpg,GIGA Computers,99,99
1778691087564ui27,Foco Led boliche,Importado masivamente,in stock,new,5000.00 ARS,https://gigacomputers.com.ar/index.html?id=1778691087564ui27,https://gigacomputers.com.ar/assets/products/prod_1778691087564ui27.jpg,GIGA Computers,99,99
1778691087564gw5i,Mini Display Port a Hdmi,Importado masivamente,in stock,new,9500.00 ARS,https://gigacomputers.com.ar/index.html?id=1778691087564gw5i,https://gigacomputers.com.ar/assets/products/prod_1778691087564gw5i.jpg,GIGA Computers,99,99
1778691087565ewgs,Mini Display Port a VGA,Importado masivamente,in stock,new,9790.00 ARS,https://gigacomputers.com.ar/index.html?id=1778691087565ewgs,https://gigacomputers.com.ar/assets/products/prod_1778691087565ewgs.jpg,GIGA Computers,99,99
1778691087566g6ii,Popit Electronico,Importado masivamente,in stock,new,9500.00 ARS,https://gigacomputers.com.ar/index.html?id=1778691087566g6ii,https://gigacomputers.com.ar/assets/products/prod_1778691087566g6ii.jpg,GIGA Computers,99,99
17786910875664k98,Transmisor Bluetooth Intco,Importado masivamente,in stock,new,14500.00 ARS,https://gigacomputers.com.ar/index.html?id=17786910875664k98,https://gigacomputers.com.ar/assets/products/prod_17786910875664k98.jpg,GIGA Computers,99,99
1778691172075l803,Auricular Bluetooth A6s,Importado masivamente,in stock,new,10000.00 ARS,https://gigacomputers.com.ar/index.html?id=1778691172075l803,https://gigacomputers.com.ar/assets/products/prod_1778691172075l803.jpg,GIGA Computers,99,99
1778691172076r1lz,Auricular Bluetooth E6s,Importado masivamente,in stock,new,11000.00 ARS,https://gigacomputers.com.ar/index.html?id=1778691172076r1lz,https://gigacomputers.com.ar/assets/products/prod_1778691172076r1lz.jpg,GIGA Computers,99,99
1778691172077lv8e,Auricular Bluetooth F9,Importado masivamente,in stock,new,10000.00 ARS,https://gigacomputers.com.ar/index.html?id=1778691172077lv8e,https://gigacomputers.com.ar/assets/products/prod_1778691172077lv8e.jpg,GIGA Computers,99,99
1778691172077jvjm,Auricular Bluetooth JBL,Importado masivamente,in stock,new,30000.00 ARS,https://gigacomputers.com.ar/index.html?id=1778691172077jvjm,https://gigacomputers.com.ar/assets/products/prod_1778691172077jvjm.jpg,GIGA Computers,99,99
1778691172077nojr,Auricular Bluetooth JBL TWS -3,Importado masivamente,in stock,new,35000.00 ARS,https://gigacomputers.com.ar/index.html?id=1778691172077nojr,https://gigacomputers.com.ar/assets/products/prod_1778691172077nojr.jpg,GIGA Computers,99,99
177869117207894z9,Auricular Bluetooth Motorola XT220,Importado masivamente,in stock,new,75000.00 ARS,https://gigacomputers.com.ar/index.html?id=177869117207894z9,https://gigacomputers.com.ar/assets/products/prod_177869117207894z9.jpg,GIGA Computers,99,99
1778691172078ktxj,Auricular Bluetooth Orejas,Importado masivamente,in stock,new,15000.00 ARS,https://gigacomputers.com.ar/index.html?id=1778691172078ktxj,https://gigacomputers.com.ar/assets/products/prod_1778691172078ktxj.jpg,GIGA Computers,99,99
1778691172078san9,Auricular Bluetooth P47,Importado masivamente,in stock,new,9500.00 ARS,https://gigacomputers.com.ar/index.html?id=1778691172078san9,https://gigacomputers.com.ar/assets/products/prod_1778691172078san9.jpg,GIGA Computers,99,99
17786911720793cm1,Auricular Bluetooth Pro 6,Importado masivamente,in stock,new,13000.00 ARS,https://gigacomputers.com.ar/index.html?id=17786911720793cm1,https://gigacomputers.com.ar/assets/products/prod_17786911720793cm1.jpg,GIGA Computers,99,99
17786911720792hnv,Auricular Bluetooth YD03,Importado masivamente,in stock,new,24000.00 ARS,https://gigacomputers.com.ar/index.html?id=17786911720792hnv,https://gigacomputers.com.ar/assets/products/prod_17786911720792hnv.jpg,GIGA Computers,99,99
1778691172080fuvg,Auricular Genius G600V,Importado masivamente,in stock,new,59000.00 ARS,https://gigacomputers.com.ar/index.html?id=1778691172080fuvg,https://gigacomputers.com.ar/assets/products/prod_1778691172080fuvg.jpg,GIGA Computers,99,99
17786911720800gd0,Auricular JBL Tune 110,Importado masivamente,in stock,new,22500.00 ARS,https://gigacomputers.com.ar/index.html?id=17786911720800gd0,https://gigacomputers.com.ar/assets/products/prod_17786911720800gd0.jpg,GIGA Computers,99,99
17786911720811s4d,Auricular Motorola In Ear Blister Azul,Importado masivamente,in stock,new,13500.00 ARS,https://gigacomputers.com.ar/index.html?id=17786911720811s4d,https://gigacomputers.com.ar/assets/products/prod_17786911720811s4d.jpg,GIGA Computers,99,99
1778691172081evqq,Auricular Motorola XT200,Importado masivamente,in stock,new,60500.00 ARS,https://gigacomputers.com.ar/index.html?id=1778691172081evqq,https://gigacomputers.com.ar/assets/products/prod_1778691172081evqq.jpg,GIGA Computers,99,99
17786911720816sw0,Auricular Philips 1405,Importado masivamente,in stock,new,14500.00 ARS,https://gigacomputers.com.ar/index.html?id=17786911720816sw0,https://gigacomputers.com.ar/assets/products/prod_17786911720816sw0.jpg,GIGA Computers,99,99
1778691172082ew1t,Auricular Samsung Buds,Importado masivamente,in stock,new,39000.00 ARS,https://gigacomputers.com.ar/index.html?id=1778691172082ew1t,https://gigacomputers.com.ar/assets/products/prod_1778691172082ew1t.jpg,GIGA Computers,99,99
1778691172082tlbe,Auricular Samsung Manos Libres HS330,Importado masivamente,in stock,new,4000.00 ARS,https://gigacomputers.com.ar/index.html?id=1778691172082tlbe,https://gigacomputers.com.ar/assets/products/prod_1778691172082tlbe.jpg,GIGA Computers,99,99
1778691172083n4vz,Auricular Samsung S10 AKG / Sport Pace,Importado masivamente,in stock,new,7000.00 ARS,https://gigacomputers.com.ar/index.html?id=1778691172083n4vz,https://gigacomputers.com.ar/assets/products/prod_1778691172083n4vz.jpg,GIGA Computers,99,99
1778691172083jq8a,Auricular Samsung S8,Importado masivamente,in stock,new,4000.00 ARS,https://gigacomputers.com.ar/index.html?id=1778691172083jq8a,https://gigacomputers.com.ar/assets/products/prod_1778691172083jq8a.jpg,GIGA Computers,99,99
177869117208489au,Auricular Samsung Tipo C,Importado masivamente,in stock,new,7500.00 ARS,https://gigacomputers.com.ar/index.html?id=177869117208489au,https://gigacomputers.com.ar/assets/products/prod_177869117208489au.jpg,GIGA Computers,99,99
17786911720841j11,Destornillador Kit Naranja,Importado masivamente,in stock,new,7500.00 ARS,https://gigacomputers.com.ar/index.html?id=17786911720841j11,https://gigacomputers.com.ar/assets/products/prod_17786911720841j11.webp,GIGA Computers,99,99
1778691172084ygo0,Mouse Raptor 3600,Importado masivamente,in stock,new,14000.00 ARS,https://gigacomputers.com.ar/index.html?id=1778691172084ygo0,https://gigacomputers.com.ar/assets/products/prod_1778691172084ygo0.jpg,GIGA Computers,99,99
1778691172085uq73,Mouse Raptor 8000,Importado masivamente,in stock,new,17000.00 ARS,https://gigacomputers.com.ar/index.html?id=1778691172085uq73,https://gigacomputers.com.ar/assets/products/prod_1778691172085uq73.jpg,GIGA Computers,99,99
1778691216913q6kv,Base Cooler B-9,Importado masivamente,in stock,new,25000.00 ARS,https://gigacomputers.com.ar/index.html?id=1778691216913q6kv,https://gigacomputers.com.ar/assets/products/prod_1778691216913q6kv.jpg,GIGA Computers,99,99
177869121691546me,Base Cooler Netmak,Importado masivamente,in stock,new,45000.00 ARS,https://gigacomputers.com.ar/index.html?id=177869121691546me,https://gigacomputers.com.ar/assets/products/prod_177869121691546me.webp,GIGA Computers,99,99
1778691216915osuv,Cable 3 in 1,Importado masivamente,in stock,new,28500.00 ARS,https://gigacomputers.com.ar/index.html?id=1778691216915osuv,https://gigacomputers.com.ar/assets/products/prod_1778691216915osuv.jpg,GIGA Computers,99,99
17786912169168tcj,Cable 3 RCA 1.5Mts,Importado masivamente,in stock,new,3000.00 ARS,https://gigacomputers.com.ar/index.html?id=17786912169168tcj,https://gigacomputers.com.ar/assets/products/prod_17786912169168tcj.jpg,GIGA Computers,99,99
177869121691608a7,Cable Apple Tipo C a Tipo C,Importado masivamente,in stock,new,6000.00 ARS,https://gigacomputers.com.ar/index.html?id=177869121691608a7,https://gigacomputers.com.ar/assets/products/prod_177869121691608a7.jpg,GIGA Computers,99,99
1778691216916nbyl,Cable Audio Video Miniplug,Importado masivamente,in stock,new,4000.00 ARS,https://gigacomputers.com.ar/index.html?id=1778691216916nbyl,https://gigacomputers.com.ar/assets/products/prod_1778691216916nbyl.webp,GIGA Computers,99,99
1778691216917hp1z,Cable Auxiliar Colores Reforzados 1.8,Importado masivamente,in stock,new,3500.00 ARS,https://gigacomputers.com.ar/index.html?id=1778691216917hp1z,https://gigacomputers.com.ar/assets/products/prod_1778691216917hp1z.jpg,GIGA Computers,99,99
1778691216917u2v9,Cable Auxiliar con Microfono,Importado masivamente,in stock,new,5000.00 ARS,https://gigacomputers.com.ar/index.html?id=1778691216917u2v9,https://gigacomputers.com.ar/assets/products/prod_1778691216917u2v9.jpg,GIGA Computers,99,99
1778691216918h83g,Cable de Red 10.0Mts,Importado masivamente,in stock,new,7000.00 ARS,https://gigacomputers.com.ar/index.html?id=1778691216918h83g,https://gigacomputers.com.ar/assets/products/prod_1778691216918h83g.jpg,GIGA Computers,99,99
177869121691814qn,Cable de Red 15.0,Importado masivamente,in stock,new,9500.00 ARS,https://gigacomputers.com.ar/index.html?id=177869121691814qn,https://gigacomputers.com.ar/assets/products/prod_177869121691814qn.jpg,GIGA Computers,99,99
1778691216918kube,Cable de Red 2.0Mts,Importado masivamente,in stock,new,2500.00 ARS,https://gigacomputers.com.ar/index.html?id=1778691216918kube,https://gigacomputers.com.ar/assets/products/prod_1778691216918kube.jpg,GIGA Computers,99,99
17786912169193o8c,Cable de Red 20.0 Mts,Importado masivamente,in stock,new,11000.00 ARS,https://gigacomputers.com.ar/index.html?id=17786912169193o8c,https://gigacomputers.com.ar/assets/products/prod_17786912169193o8c.jpg,GIGA Computers,99,99
1778691216919peql,Cable de Red 3.0Mts,Importado masivamente,in stock,new,3500.00 ARS,https://gigacomputers.com.ar/index.html?id=1778691216919peql,https://gigacomputers.com.ar/assets/products/prod_1778691216919peql.jpg,GIGA Computers,99,99
17786912169218tkl,Cable de red 30.0,Importado masivamente,in stock,new,15000.00 ARS,https://gigacomputers.com.ar/index.html?id=17786912169218tkl,https://gigacomputers.com.ar/assets/products/prod_17786912169218tkl.jpg,GIGA Computers,99,99
1778691216921mhgd,Cable de Red 5.0Mts,Importado masivamente,in stock,new,5000.00 ARS,https://gigacomputers.com.ar/index.html?id=1778691216921mhgd,https://gigacomputers.com.ar/assets/products/prod_1778691216921mhgd.jpg,GIGA Computers,99,99
177869121692146ex,Cable de Red Categoria 6 x Metro,Importado masivamente,in stock,new,1300.00 ARS,https://gigacomputers.com.ar/index.html?id=177869121692146ex,https://gigacomputers.com.ar/assets/products/prod_177869121692146ex.jpg,GIGA Computers,99,99
1778691216922oovh,Cable de Red x Metro,Importado masivamente,in stock,new,1000.00 ARS,https://gigacomputers.com.ar/index.html?id=1778691216922oovh,https://gigacomputers.com.ar/assets/products/prod_1778691216922oovh.jpg,GIGA Computers,99,99
1778691216922u185,Cable Disco Externo,Importado masivamente,in stock,new,6500.00 ARS,https://gigacomputers.com.ar/index.html?id=1778691216922u185,https://gigacomputers.com.ar/assets/products/prod_1778691216922u185.jpg,GIGA Computers,99,99
1778691216923r3qa,Cable Display Port,Importado masivamente,in stock,new,9500.00 ARS,https://gigacomputers.com.ar/index.html?id=1778691216923r3qa,https://gigacomputers.com.ar/assets/products/prod_1778691216923r3qa.jpg,GIGA Computers,99,99
1778691216923wm94,Cable Extencion USB 2.0Mts,Importado masivamente,in stock,new,6000.00 ARS,https://gigacomputers.com.ar/index.html?id=1778691216923wm94,https://gigacomputers.com.ar/assets/products/prod_1778691216923wm94.jpg,GIGA Computers,99,99
1778691216923f6lt,Cable HDMI 1.5Mts,Importado masivamente,in stock,new,4500.00 ARS,https://gigacomputers.com.ar/index.html?id=1778691216923f6lt,https://gigacomputers.com.ar/assets/products/prod_1778691216923f6lt.jpg,GIGA Computers,99,99
177869121692478og,Cable HDMI 10.0Mts,Importado masivamente,in stock,new,13500.00 ARS,https://gigacomputers.com.ar/index.html?id=177869121692478og,https://gigacomputers.com.ar/assets/products/prod_177869121692478og.jpg,GIGA Computers,99,99
1778691216924g701,Cable HDMI 15.0 Mts,Importado masivamente,in stock,new,16000.00 ARS,https://gigacomputers.com.ar/index.html?id=1778691216924g701,https://gigacomputers.com.ar/assets/products/prod_1778691216924g701.jpg,GIGA Computers,99,99
1778691216924hhj1,Cable Hdmi 2.0 1.5Mts,Importado masivamente,in stock,new,8500.00 ARS,https://gigacomputers.com.ar/index.html?id=1778691216924hhj1,https://gigacomputers.com.ar/assets/products/prod_1778691216924hhj1.jpg,GIGA Computers,99,99
1778691216925chpc,Cable Hdmi 2.0 3.0Mts,Importado masivamente,in stock,new,11000.00 ARS,https://gigacomputers.com.ar/index.html?id=1778691216925chpc,https://gigacomputers.com.ar/assets/products/prod_1778691216925chpc.jpg,GIGA Computers,99,99
17786912169265m7w,Cable HDMI 3.0Mts,Importado masivamente,in stock,new,5500.00 ARS,https://gigacomputers.com.ar/index.html?id=17786912169265m7w,https://gigacomputers.com.ar/assets/products/prod_17786912169265m7w.jpg,GIGA Computers,99,99
1778691216926qxsu,Cable HDMI 5.0Mts,Importado masivamente,in stock,new,8500.00 ARS,https://gigacomputers.com.ar/index.html?id=1778691216926qxsu,https://gigacomputers.com.ar/assets/products/prod_1778691216926qxsu.jpg,GIGA Computers,99,99
1778691216927ltxg,Cable Impresora 1.8Mts 1.5Mts,Importado masivamente,in stock,new,5000.00 ARS,https://gigacomputers.com.ar/index.html?id=1778691216927ltxg,https://gigacomputers.com.ar/assets/products/prod_1778691216927ltxg.jpg,GIGA Computers,99,99
1778691216927py2y,Cable Impresora 3.0Mts,Importado masivamente,in stock,new,6500.00 ARS,https://gigacomputers.com.ar/index.html?id=1778691216927py2y,https://gigacomputers.com.ar/assets/products/prod_1778691216927py2y.jpg,GIGA Computers,99,99
1778691216928c9dq,Cable Impresora 5.0Mts,Importado masivamente,in stock,new,8500.00 ARS,https://gigacomputers.com.ar/index.html?id=1778691216928c9dq,https://gigacomputers.com.ar/assets/products/prod_1778691216928c9dq.jpg,GIGA Computers,99,99
1778691216929ueod,Cable Iphone 2.0mts 5 6 7,Importado masivamente,in stock,new,9500.00 ARS,https://gigacomputers.com.ar/index.html?id=1778691216929ueod,https://gigacomputers.com.ar/assets/products/prod_1778691216929ueod.jpg,GIGA Computers,99,99
177869121692989jk,Cable Iphone Generico,Importado masivamente,in stock,new,3500.00 ARS,https://gigacomputers.com.ar/index.html?id=177869121692989jk,https://gigacomputers.com.ar/assets/products/prod_177869121692989jk.jpg,GIGA Computers,99,99
1778691216930ffo5,Cable Iphone Tipo C a Tipo C,Importado masivamente,in stock,new,6000.00 ARS,https://gigacomputers.com.ar/index.html?id=1778691216930ffo5,https://gigacomputers.com.ar/assets/products/prod_1778691216930ffo5.jpg,GIGA Computers,99,99
177869121693058rr,Cable Lighting Iphone,Importado masivamente,in stock,new,6000.00 ARS,https://gigacomputers.com.ar/index.html?id=177869121693058rr,https://gigacomputers.com.ar/assets/products/prod_177869121693058rr.jpg,GIGA Computers,99,99
1778691216931cpku,Cable Micro Usb Carga Rapida,Importado masivamente,in stock,new,4000.00 ARS,https://gigacomputers.com.ar/index.html?id=1778691216931cpku,https://gigacomputers.com.ar/assets/products/prod_1778691216931cpku.jpg,GIGA Computers,99,99
1778691216931rhsi,Cable Micro USB Xiaomi,Importado masivamente,in stock,new,6000.00 ARS,https://gigacomputers.com.ar/index.html?id=1778691216931rhsi,https://gigacomputers.com.ar/assets/products/prod_1778691216931rhsi.jpg,GIGA Computers,99,99
17786912169326sbp,Cable MicroUsb Samsung Original,Importado masivamente,in stock,new,4000.00 ARS,https://gigacomputers.com.ar/index.html?id=17786912169326sbp,https://gigacomputers.com.ar/assets/products/prod_17786912169326sbp.jpg,GIGA Computers,99,99
1778691216932gzz3,Cable Mini Dsiplay Port Mac,Importado masivamente,in stock,new,9500.00 ARS,https://gigacomputers.com.ar/index.html?id=1778691216932gzz3,https://gigacomputers.com.ar/assets/products/prod_1778691216932gzz3.jpg,GIGA Computers,99,99
17786912169339nb0,Cable MiniPlug 1.5Mts,Importado masivamente,in stock,new,2500.00 ARS,https://gigacomputers.com.ar/index.html?id=17786912169339nb0,https://gigacomputers.com.ar/assets/products/prod_17786912169339nb0.jpg,GIGA Computers,99,99
1778691216933id8u,Cable MiniPlug 3.0Mts,Importado masivamente,in stock,new,3500.00 ARS,https://gigacomputers.com.ar/index.html?id=1778691216933id8u,https://gigacomputers.com.ar/assets/products/prod_1778691216933id8u.jpg,GIGA Computers,99,99
1778691216934g7nk,Cable MiniPlug 4.5Mts,Importado masivamente,in stock,new,6000.00 ARS,https://gigacomputers.com.ar/index.html?id=1778691216934g7nk,https://gigacomputers.com.ar/assets/products/prod_1778691216934g7nk.jpg,GIGA Computers,99,99
1778691216934ft8q,Cable Miniplug a 2 RCA 1.5Mts,Importado masivamente,in stock,new,2500.00 ARS,https://gigacomputers.com.ar/index.html?id=1778691216934ft8q,https://gigacomputers.com.ar/assets/products/prod_1778691216934ft8q.jpg,GIGA Computers,99,99
177869121693573ou,Cable Miniplug a 2 RCA 3.0Mts,Importado masivamente,in stock,new,3500.00 ARS,https://gigacomputers.com.ar/index.html?id=177869121693573ou,https://gigacomputers.com.ar/assets/products/prod_177869121693573ou.jpg,GIGA Computers,99,99
17786912169350trn,Cable Miniplug Extencion 1.5Mts,Importado masivamente,in stock,new,4000.00 ARS,https://gigacomputers.com.ar/index.html?id=17786912169350trn,https://gigacomputers.com.ar/assets/products/prod_17786912169350trn.jpg,GIGA Computers,99,99
1778691273656mcp3,Cable Molex a Poder 6 pines 8 Pines,Importado masivamente,in stock,new,5000.00 ARS,https://gigacomputers.com.ar/index.html?id=1778691273656mcp3,https://gigacomputers.com.ar/assets/products/prod_1778691273656mcp3.jpg,GIGA Computers,99,99
1778691273656bapp,Cable Molex Y,Importado masivamente,in stock,new,4000.00 ARS,https://gigacomputers.com.ar/index.html?id=1778691273656bapp,https://gigacomputers.com.ar/assets/products/prod_1778691273656bapp.jpg,GIGA Computers,99,99
1778691273657opgb,Cable Motorola Original,Importado masivamente,in stock,new,4000.00 ARS,https://gigacomputers.com.ar/index.html?id=1778691273657opgb,https://gigacomputers.com.ar/assets/products/prod_1778691273657opgb.jpg,GIGA Computers,99,99
1778691273658vrn4,Cable Optico,Importado masivamente,in stock,new,6000.00 ARS,https://gigacomputers.com.ar/index.html?id=1778691273658vrn4,https://gigacomputers.com.ar/assets/products/prod_1778691273658vrn4.jpg,GIGA Computers,99,99
1778691273658z8ni,Cable optico 3.0mts,Importado masivamente,in stock,new,8000.00 ARS,https://gigacomputers.com.ar/index.html?id=1778691273658z8ni,https://gigacomputers.com.ar/assets/products/prod_1778691273658z8ni.jpg,GIGA Computers,99,99
1778691273659fw97,Cable OTG,Importado masivamente,in stock,new,3000.00 ARS,https://gigacomputers.com.ar/index.html?id=1778691273659fw97,https://gigacomputers.com.ar/assets/products/prod_1778691273659fw97.jpg,GIGA Computers,99,99
1778691273659b6qz,Cable OTG Tipo C,Importado masivamente,in stock,new,3000.00 ARS,https://gigacomputers.com.ar/index.html?id=1778691273659b6qz,https://gigacomputers.com.ar/assets/products/prod_1778691273659b6qz.jpg,GIGA Computers,99,99
1778691273660ue1h,Cable Play 2 a Rca,Importado masivamente,in stock,new,4500.00 ARS,https://gigacomputers.com.ar/index.html?id=1778691273660ue1h,https://gigacomputers.com.ar/assets/products/prod_1778691273660ue1h.jpg,GIGA Computers,99,99
1778691273660lvab,Cable Play 4,Importado masivamente,in stock,new,5000.00 ARS,https://gigacomputers.com.ar/index.html?id=1778691273660lvab,https://gigacomputers.com.ar/assets/products/prod_1778691273660lvab.jpg,GIGA Computers,99,99
1778691273661c3qp,Cable Power infinito,Importado masivamente,in stock,new,4000.00 ARS,https://gigacomputers.com.ar/index.html?id=1778691273661c3qp,https://gigacomputers.com.ar/assets/products/prod_1778691273661c3qp.jpg,GIGA Computers,99,99
1778691273661wvty,Cable Power PC,Importado masivamente,in stock,new,4500.00 ARS,https://gigacomputers.com.ar/index.html?id=1778691273661wvty,https://gigacomputers.com.ar/assets/products/prod_1778691273661wvty.jpg,GIGA Computers,99,99
1778691273663q194,Cable Power Trebol Mickey,Importado masivamente,in stock,new,4500.00 ARS,https://gigacomputers.com.ar/index.html?id=1778691273663q194,https://gigacomputers.com.ar/assets/products/prod_1778691273663q194.jpg,GIGA Computers,99,99
17786912736634fvz,Cable Samsung Tipo C a Tipo C,Importado masivamente,in stock,new,6000.00 ARS,https://gigacomputers.com.ar/index.html?id=17786912736634fvz,https://gigacomputers.com.ar/assets/products/prod_17786912736634fvz.jpg,GIGA Computers,99,99
1778691273664e8pw,Cable Sata Datos Comun,Importado masivamente,in stock,new,4000.00 ARS,https://gigacomputers.com.ar/index.html?id=1778691273664e8pw,https://gigacomputers.com.ar/assets/products/prod_1778691273664e8pw.jpg,GIGA Computers,99,99
1778691273665vsos,Cable Sata Doble,Importado masivamente,in stock,new,4000.00 ARS,https://gigacomputers.com.ar/index.html?id=1778691273665vsos,https://gigacomputers.com.ar/assets/products/prod_1778691273665vsos.jpg,GIGA Computers,99,99
1778691273665tuzh,Cable Sata Power,Importado masivamente,in stock,new,4000.00 ARS,https://gigacomputers.com.ar/index.html?id=1778691273665tuzh,https://gigacomputers.com.ar/assets/products/prod_1778691273665tuzh.jpg,GIGA Computers,99,99
1778691273666vgzf,Cable Sata USB 3.0,Importado masivamente,in stock,new,15500.00 ARS,https://gigacomputers.com.ar/index.html?id=1778691273666vgzf,https://gigacomputers.com.ar/assets/products/prod_1778691273666vgzf.jpg,GIGA Computers,99,99
1778691273667x9hf,Cable USB 4 Pines 5 Pines,Importado masivamente,in stock,new,3500.00 ARS,https://gigacomputers.com.ar/index.html?id=1778691273667x9hf,https://gigacomputers.com.ar/assets/products/prod_1778691273667x9hf.jpg,GIGA Computers,99,99
1778691273667fgez,Cable USB Extencion 1.5Mts,Importado masivamente,in stock,new,5000.00 ARS,https://gigacomputers.com.ar/index.html?id=1778691273667fgez,https://gigacomputers.com.ar/assets/products/prod_1778691273667fgez.jpg,GIGA Computers,99,99
1778691273668zauo,Cable USB Macho Macho,Importado masivamente,in stock,new,4000.00 ARS,https://gigacomputers.com.ar/index.html?id=1778691273668zauo,https://gigacomputers.com.ar/assets/products/prod_1778691273668zauo.jpg,GIGA Computers,99,99
1778691273669zwp8,Cable Vga 1.8Mts,Importado masivamente,in stock,new,5500.00 ARS,https://gigacomputers.com.ar/index.html?id=1778691273669zwp8,https://gigacomputers.com.ar/assets/products/prod_1778691273669zwp8.jpg,GIGA Computers,99,99
1778691273670oals,Cable VGA 10.0Mts,Importado masivamente,in stock,new,17500.00 ARS,https://gigacomputers.com.ar/index.html?id=1778691273670oals,https://gigacomputers.com.ar/assets/products/prod_1778691273670oals.jpg,GIGA Computers,99,99
17786912736701k8w,Cable VGA 15.0Mts,Importado masivamente,in stock,new,22000.00 ARS,https://gigacomputers.com.ar/index.html?id=17786912736701k8w,https://gigacomputers.com.ar/assets/products/prod_17786912736701k8w.jpg,GIGA Computers,99,99
1778691273671u17o,Cable Vga 3.0Mts Blindado,Importado masivamente,in stock,new,9500.00 ARS,https://gigacomputers.com.ar/index.html?id=1778691273671u17o,https://gigacomputers.com.ar/assets/products/prod_1778691273671u17o.jpg,GIGA Computers,99,99
17786912736715adz,Cable Vga 5.0Mts,Importado masivamente,in stock,new,8500.00 ARS,https://gigacomputers.com.ar/index.html?id=17786912736715adz,https://gigacomputers.com.ar/assets/products/prod_17786912736715adz.jpg,GIGA Computers,99,99
1778691273673jupj,Parlante Marshall M30,Importado masivamente,in stock,new,65000.00 ARS,https://gigacomputers.com.ar/index.html?id=1778691273673jupj,https://gigacomputers.com.ar/assets/products/prod_1778691273673jupj.jpg,GIGA Computers,99,99
1778691273673uug1,Reloj Netmak Elite Power,Importado masivamente,in stock,new,60000.00 ARS,https://gigacomputers.com.ar/index.html?id=1778691273673uug1,https://gigacomputers.com.ar/assets/products/prod_1778691273673uug1.jpg,GIGA Computers,99,99
1778691273674wtad,Tripo Electricidad,Importado masivamente,in stock,new,8000.00 ARS,https://gigacomputers.com.ar/index.html?id=1778691273674wtad,https://gigacomputers.com.ar/assets/products/prod_1778691273674wtad.jpg,GIGA Computers,99,99
1778691273674jgoi,Webcam Raptor 4K,Importado masivamente,in stock,new,39000.00 ARS,https://gigacomputers.com.ar/index.html?id=1778691273674jgoi,https://gigacomputers.com.ar/assets/products/prod_1778691273674jgoi.jpg,GIGA Computers,99,99
1778691439673d234,Calculadora Cientifica,Importado masivamente,in stock,new,8000.00 ARS,https://gigacomputers.com.ar/index.html?id=1778691439673d234,https://gigacomputers.com.ar/assets/products/prod_1778691439673d234.jpg,GIGA Computers,99,99
1778691439675igzi,Calculadora con Pantalla Tactil,Importado masivamente,in stock,new,9500.00 ARS,https://gigacomputers.com.ar/index.html?id=1778691439675igzi,https://gigacomputers.com.ar/assets/products/prod_1778691439675igzi.jpg,GIGA Computers,99,99
1778691439676ka1s,Calculadora Gaona,Importado masivamente,in stock,new,9500.00 ARS,https://gigacomputers.com.ar/index.html?id=1778691439676ka1s,https://gigacomputers.com.ar/assets/products/prod_1778691439676ka1s.jpg,GIGA Computers,99,99
1778691439677apdb,Calculadora Kenko 1200,Importado masivamente,in stock,new,10000.00 ARS,https://gigacomputers.com.ar/index.html?id=1778691439677apdb,https://gigacomputers.com.ar/assets/products/prod_1778691439677apdb.jpg,GIGA Computers,99,99
17786914396775i4h,Calculadora Kenko 837,Importado masivamente,in stock,new,7500.00 ARS,https://gigacomputers.com.ar/index.html?id=17786914396775i4h,https://gigacomputers.com.ar/assets/products/prod_17786914396775i4h.jpg,GIGA Computers,99,99
1778691439679eoft,Calculadora kk-402/kc-888,Importado masivamente,in stock,new,6000.00 ARS,https://gigacomputers.com.ar/index.html?id=1778691439679eoft,https://gigacomputers.com.ar/assets/products/prod_1778691439679eoft.jpg,GIGA Computers,99,99
1778691474664vw4x,Adaptador Encendedor Auto Doble,Importado masivamente,in stock,new,7500.00 ARS,https://gigacomputers.com.ar/index.html?id=1778691474664vw4x,https://gigacomputers.com.ar/assets/products/prod_1778691474664vw4x.jpg,GIGA Computers,99,99
17786914746650r7a,Base Cargador Play 4,Importado masivamente,in stock,new,12000.00 ARS,https://gigacomputers.com.ar/index.html?id=17786914746650r7a,https://gigacomputers.com.ar/assets/products/prod_17786914746650r7a.jpg,GIGA Computers,99,99
1778691474666a9yz,Cabezal Iphone 5V,Importado masivamente,in stock,new,9000.00 ARS,https://gigacomputers.com.ar/index.html?id=1778691474666a9yz,https://gigacomputers.com.ar/assets/products/prod_1778691474666a9yz.jpg,GIGA Computers,99,99
1778691474667s4hh,Cabezal Motorola / Samsung 25w,Importado masivamente,in stock,new,7500.00 ARS,https://gigacomputers.com.ar/index.html?id=1778691474667s4hh,https://gigacomputers.com.ar/assets/products/prod_1778691474667s4hh.jpg,GIGA Computers,99,99
17786914746676feq,Cabezal Motorola / Samsung Original 45w,Importado masivamente,in stock,new,9500.00 ARS,https://gigacomputers.com.ar/index.html?id=17786914746676feq,https://gigacomputers.com.ar/assets/products/prod_17786914746676feq.jpg,GIGA Computers,99,99
1778691474669x94v,Cargador 2.1 Kosmo/Time,Importado masivamente,in stock,new,6000.00 ARS,https://gigacomputers.com.ar/index.html?id=1778691474669x94v,https://gigacomputers.com.ar/assets/products/prod_1778691474669x94v.jpg,GIGA Computers,99,99
1778691474669eer3,Cargador Acer Pin Amarillo,Importado masivamente,in stock,new,40000.00 ARS,https://gigacomputers.com.ar/index.html?id=1778691474669eer3,https://gigacomputers.com.ar/assets/products/prod_1778691474669eer3.jpg,GIGA Computers,99,99
17786914746706nvv,Cargador Auto Samsung,Importado masivamente,in stock,new,8000.00 ARS,https://gigacomputers.com.ar/index.html?id=17786914746706nvv,https://gigacomputers.com.ar/assets/products/prod_17786914746706nvv.jpg,GIGA Computers,99,99
17786914746721zzf,Cargador Base de Carga 10 usb,Importado masivamente,in stock,new,25000.00 ARS,https://gigacomputers.com.ar/index.html?id=17786914746721zzf,https://gigacomputers.com.ar/assets/products/prod_17786914746721zzf.jpg,GIGA Computers,99,99
1778691474672joxe,Cargador Dell Pin Fino,Importado masivamente,in stock,new,40000.00 ARS,https://gigacomputers.com.ar/index.html?id=1778691474672joxe,https://gigacomputers.com.ar/assets/products/prod_1778691474672joxe.jpg,GIGA Computers,99,99
1778691474673qfow,Cargador HP Pin Fino,Importado masivamente,in stock,new,40000.00 ARS,https://gigacomputers.com.ar/index.html?id=1778691474673qfow,https://gigacomputers.com.ar/assets/products/prod_1778691474673qfow.jpg,GIGA Computers,99,99
1778691474674rc5w,Cargador HP Pin Grueso,Importado masivamente,in stock,new,40000.00 ARS,https://gigacomputers.com.ar/index.html?id=1778691474674rc5w,https://gigacomputers.com.ar/assets/products/prod_1778691474674rc5w.jpg,GIGA Computers,99,99
1778691474674u8c7,Cargador Iphone 2 in 1,Importado masivamente,in stock,new,16000.00 ARS,https://gigacomputers.com.ar/index.html?id=1778691474674u8c7,https://gigacomputers.com.ar/assets/products/prod_1778691474674u8c7.jpg,GIGA Computers,99,99
1778691474675w7us,Cargador Motorola Turbo Original 3.1,Importado masivamente,in stock,new,12000.00 ARS,https://gigacomputers.com.ar/index.html?id=1778691474675w7us,https://gigacomputers.com.ar/assets/products/prod_1778691474675w7us.jpg,GIGA Computers,99,99
1778691474676iund,Cargador Motorola Ultra Rapido 50W,Importado masivamente,in stock,new,14500.00 ARS,https://gigacomputers.com.ar/index.html?id=1778691474676iund,https://gigacomputers.com.ar/assets/products/prod_1778691474676iund.jpg,GIGA Computers,99,99
1778691474677uunz,Cargador Noga Inalambrico Celular 10W,Importado masivamente,in stock,new,16000.00 ARS,https://gigacomputers.com.ar/index.html?id=1778691474677uunz,https://gigacomputers.com.ar/assets/products/prod_1778691474677uunz.jpg,GIGA Computers,99,99
1778691474678hz92,Cargador Notebook Samsung Pin,Importado masivamente,in stock,new,40000.00 ARS,https://gigacomputers.com.ar/index.html?id=1778691474678hz92,https://gigacomputers.com.ar/assets/products/prod_1778691474678hz92.jpg,GIGA Computers,99,99
17786914746799bt0,Cargador Pilas Dinax,Importado masivamente,in stock,new,5500.00 ARS,https://gigacomputers.com.ar/index.html?id=17786914746799bt0,https://gigacomputers.com.ar/assets/products/prod_17786914746799bt0.jpg,GIGA Computers,99,99
1778691474680gs9l,Cargador Pilas Noga NG516,Importado masivamente,in stock,new,9500.00 ARS,https://gigacomputers.com.ar/index.html?id=1778691474680gs9l,https://gigacomputers.com.ar/assets/products/prod_1778691474680gs9l.jpg,GIGA Computers,99,99
17786914746802lcr,Cargador RoyalCell 2.4 Tipo C,Importado masivamente,in stock,new,6000.00 ARS,https://gigacomputers.com.ar/index.html?id=17786914746802lcr,https://gigacomputers.com.ar/assets/products/prod_17786914746802lcr.jpg,GIGA Computers,99,99
17786914746810y25,Cargador Samsung 65W,Importado masivamente,in stock,new,17500.00 ARS,https://gigacomputers.com.ar/index.html?id=17786914746810y25,https://gigacomputers.com.ar/assets/products/prod_17786914746810y25.jpg,GIGA Computers,99,99
1778691474682s90e,Cargador Universal Bateria Led,Importado masivamente,in stock,new,5000.00 ARS,https://gigacomputers.com.ar/index.html?id=1778691474682s90e,https://gigacomputers.com.ar/assets/products/prod_1778691474682s90e.jpg,GIGA Computers,99,99
1778691513007p1at,Cargador Universal Notebook,Importado masivamente,in stock,new,19500.00 ARS,https://gigacomputers.com.ar/index.html?id=1778691513007p1at,https://gigacomputers.com.ar/assets/products/prod_1778691513007p1at.jpg,GIGA Computers,99,99
1778691513008aork,Consola HDMI Stick X2,Importado masivamente,in stock,new,82500.00 ARS,https://gigacomputers.com.ar/index.html?id=1778691513008aork,https://gigacomputers.com.ar/assets/products/prod_1778691513008aork.jpg,GIGA Computers,99,99
1778691513009osz3,Ipod caja chica,Importado masivamente,in stock,new,20000.00 ARS,https://gigacomputers.com.ar/index.html?id=1778691513009osz3,https://gigacomputers.com.ar/assets/products/prod_1778691513009osz3.jpg,GIGA Computers,99,99
1778691513009hl4i,Ipods Caja grande,Importado masivamente,in stock,new,35000.00 ARS,https://gigacomputers.com.ar/index.html?id=1778691513009hl4i,https://gigacomputers.com.ar/assets/products/prod_1778691513009hl4i.jpg,GIGA Computers,99,99
17786915130101rd1,Memoria SD 256GB,Importado masivamente,in stock,new,59000.00 ARS,https://gigacomputers.com.ar/index.html?id=17786915130101rd1,https://gigacomputers.com.ar/assets/products/prod_17786915130101rd1.jpg,GIGA Computers,99,99
177869151301157q2,Micro SD 128gb 180Mbs,Importado masivamente,in stock,new,35000.00 ARS,https://gigacomputers.com.ar/index.html?id=177869151301157q2,https://gigacomputers.com.ar/assets/products/prod_177869151301157q2.jpg,GIGA Computers,99,99
1778691513012up6f,Micro SD 256gb 170Mbs,Importado masivamente,in stock,new,59000.00 ARS,https://gigacomputers.com.ar/index.html?id=1778691513012up6f,https://images.unsplash.com/photo-1588702547919-26089e690ecc?auto=format&fit=crop&w=500&q=60,GIGA Computers,99,99
17786915130132g2y,Mouse Gamer Raptor Wireless 12800,Importado masivamente,in stock,new,35000.00 ARS,https://gigacomputers.com.ar/index.html?id=17786915130132g2y,https://gigacomputers.com.ar/assets/products/prod_17786915130132g2y.jpg,GIGA Computers,99,99
1778691513014wbpx,Mouse Gamer Raptor Wireless 24000,Importado masivamente,in stock,new,45000.00 ARS,https://gigacomputers.com.ar/index.html?id=1778691513014wbpx,https://gigacomputers.com.ar/assets/products/prod_1778691513014wbpx.jpg,GIGA Computers,99,99
1778691513015d8i1,Pendrive 64GB Tipo C,Importado masivamente,in stock,new,25000.00 ARS,https://gigacomputers.com.ar/index.html?id=1778691513015d8i1,https://gigacomputers.com.ar/assets/products/prod_1778691513015d8i1.jpg,GIGA Computers,99,99
1778691513016jv10,Pilas Recargables Multilaser AA,Importado masivamente,in stock,new,7500.00 ARS,https://gigacomputers.com.ar/index.html?id=1778691513016jv10,https://gigacomputers.com.ar/assets/products/prod_1778691513016jv10.jpg,GIGA Computers,99,99
1778691513016u42r,Pilas Recargables Multilaser AAA,Importado masivamente,in stock,new,7500.00 ARS,https://gigacomputers.com.ar/index.html?id=1778691513016u42r,https://gigacomputers.com.ar/assets/products/prod_1778691513016u42r.jpg,GIGA Computers,99,99
1778691513017gats,Proyector con Magis HD,Importado masivamente,in stock,new,85000.00 ARS,https://gigacomputers.com.ar/index.html?id=1778691513017gats,https://images.unsplash.com/photo-1588702547919-26089e690ecc?auto=format&fit=crop&w=500&q=60,GIGA Computers,99,99
1778691553453h87h,Cargador Motorola 125W,Importado masivamente,in stock,new,27500.00 ARS,https://gigacomputers.com.ar/index.html?id=1778691553453h87h,https://gigacomputers.com.ar/assets/products/prod_1778691553453h87h.jpg,GIGA Computers,99,99
1778691553455h4jw,Cartucho 21 Gneiss,Importado masivamente,in stock,new,28000.00 ARS,https://gigacomputers.com.ar/index.html?id=1778691553455h4jw,https://gigacomputers.com.ar/assets/products/prod_1778691553455h4jw.jpg,GIGA Computers,99,99
17786915534569en2,Cartucho 22 Gneiss,Importado masivamente,in stock,new,32000.00 ARS,https://gigacomputers.com.ar/index.html?id=17786915534569en2,https://gigacomputers.com.ar/assets/products/prod_17786915534569en2.jpg,GIGA Computers,99,99
1778691553457diaa,Cartucho 60 Gneiss Negro,Importado masivamente,in stock,new,37000.00 ARS,https://gigacomputers.com.ar/index.html?id=1778691553457diaa,https://gigacomputers.com.ar/assets/products/prod_1778691553457diaa.jpg,GIGA Computers,99,99
1778691553458dpx6,Cartucho Gneiss 117,Importado masivamente,in stock,new,6000.00 ARS,https://gigacomputers.com.ar/index.html?id=1778691553458dpx6,https://gigacomputers.com.ar/assets/products/prod_1778691553458dpx6.jpg,GIGA Computers,99,99
1778691553458byzc,Cartucho Gneiss 122 XL Color,Importado masivamente,in stock,new,38000.00 ARS,https://gigacomputers.com.ar/index.html?id=1778691553458byzc,https://gigacomputers.com.ar/assets/products/prod_1778691553458byzc.jpg,GIGA Computers,99,99
1778691553459p691,Cartucho Gneiss 122 XL Negro,Importado masivamente,in stock,new,38000.00 ARS,https://gigacomputers.com.ar/index.html?id=1778691553459p691,https://gigacomputers.com.ar/assets/products/prod_1778691553459p691.jpg,GIGA Computers,99,99
1778691553460nl3f,Cartucho Gneiss 133,Importado masivamente,in stock,new,7000.00 ARS,https://gigacomputers.com.ar/index.html?id=1778691553460nl3f,https://gigacomputers.com.ar/assets/products/prod_1778691553460nl3f.jpg,GIGA Computers,99,99
1778691553462k8m4,Cartucho Gneiss 135,Importado masivamente,in stock,new,5500.00 ARS,https://gigacomputers.com.ar/index.html?id=1778691553462k8m4,https://gigacomputers.com.ar/assets/products/prod_1778691553462k8m4.jpg,GIGA Computers,99,99
1778691553463buam,Cartucho Gneiss 206 Colores,Importado masivamente,in stock,new,13000.00 ARS,https://gigacomputers.com.ar/index.html?id=1778691553463buam,https://gigacomputers.com.ar/assets/products/prod_1778691553463buam.jpg,GIGA Computers,99,99
1778691553464x5ac,Cartucho Gneiss 206 Negro,Importado masivamente,in stock,new,13000.00 ARS,https://gigacomputers.com.ar/index.html?id=1778691553464x5ac,https://gigacomputers.com.ar/assets/products/prod_1778691553464x5ac.jpg,GIGA Computers,99,99
1778691553464j810,Cartucho Gneiss 296 297,Importado masivamente,in stock,new,11000.00 ARS,https://gigacomputers.com.ar/index.html?id=1778691553464j810,https://gigacomputers.com.ar/assets/products/prod_1778691553464j810.jpg,GIGA Computers,99,99
177869155346565ha,Cartucho Gneiss 662 XL Color,Importado masivamente,in stock,new,42000.00 ARS,https://gigacomputers.com.ar/index.html?id=177869155346565ha,https://gigacomputers.com.ar/assets/products/prod_177869155346565ha.jpg,GIGA Computers,99,99
1778691553466fddk,Cartucho Gneiss 662 XL Negro,Importado masivamente,in stock,new,39000.00 ARS,https://gigacomputers.com.ar/index.html?id=1778691553466fddk,https://gigacomputers.com.ar/assets/products/prod_1778691553466fddk.jpg,GIGA Computers,99,99
17786915534674bea,Cartucho Gneiss 664 XL Color,Importado masivamente,in stock,new,42000.00 ARS,https://gigacomputers.com.ar/index.html?id=17786915534674bea,https://gigacomputers.com.ar/assets/products/prod_17786915534674bea.jpg,GIGA Computers,99,99
1778691553468ssnm,Cartucho Gneiss 664 XL Negro,Importado masivamente,in stock,new,39000.00 ARS,https://gigacomputers.com.ar/index.html?id=1778691553468ssnm,https://gigacomputers.com.ar/assets/products/prod_1778691553468ssnm.jpg,GIGA Computers,99,99
17786915534691hwc,Cartucho Gneiss 667 Negro,Importado masivamente,in stock,new,49000.00 ARS,https://gigacomputers.com.ar/index.html?id=17786915534691hwc,https://gigacomputers.com.ar/assets/products/prod_17786915534691hwc.webp,GIGA Computers,99,99
1778691553469m3y5,Cartucho Gneiss 731,Importado masivamente,in stock,new,5500.00 ARS,https://gigacomputers.com.ar/index.html?id=1778691553469m3y5,https://gigacomputers.com.ar/assets/products/prod_1778691553469m3y5.jpg,GIGA Computers,99,99
1778691553470vi5y,Cartucho Gneiss 732,Importado masivamente,in stock,new,5500.00 ARS,https://gigacomputers.com.ar/index.html?id=1778691553470vi5y,https://gigacomputers.com.ar/assets/products/prod_1778691553470vi5y.jpg,GIGA Computers,99,99
1778691553471o3zs,Cartucho Gneiss 733,Importado masivamente,in stock,new,5500.00 ARS,https://gigacomputers.com.ar/index.html?id=1778691553471o3zs,https://gigacomputers.com.ar/assets/products/prod_1778691553471o3zs.jpg,GIGA Computers,99,99
17786915534724007,Cartucho Gneiss 734,Importado masivamente,in stock,new,5500.00 ARS,https://gigacomputers.com.ar/index.html?id=17786915534724007,https://gigacomputers.com.ar/assets/products/prod_17786915534724007.jpg,GIGA Computers,99,99
1778691553472j5l5,Cartucho Gneiss 90,Importado masivamente,in stock,new,5500.00 ARS,https://gigacomputers.com.ar/index.html?id=1778691553472j5l5,https://gigacomputers.com.ar/assets/products/prod_1778691553472j5l5.jpg,GIGA Computers,99,99
1778691553473nsq5,Cartuchos Gneiss 195 196 197,Importado masivamente,in stock,new,7500.00 ARS,https://gigacomputers.com.ar/index.html?id=1778691553473nsq5,https://gigacomputers.com.ar/assets/products/prod_1778691553473nsq5.jpg,GIGA Computers,99,99
1778691553474v0u7,Tintas Botella 100Cm3,Importado masivamente,in stock,new,10000.00 ARS,https://gigacomputers.com.ar/index.html?id=1778691553474v0u7,https://gigacomputers.com.ar/assets/products/prod_1778691553474v0u7.jpg,GIGA Computers,99,99
1778691553475p9gm,Toner Brother 283,Importado masivamente,in stock,new,23000.00 ARS,https://gigacomputers.com.ar/index.html?id=1778691553475p9gm,https://gigacomputers.com.ar/assets/products/prod_1778691553475p9gm.jpg,GIGA Computers,99,99
1778691553476dc9g,Toner HP 105,Importado masivamente,in stock,new,25000.00 ARS,https://gigacomputers.com.ar/index.html?id=1778691553476dc9g,https://gigacomputers.com.ar/assets/products/prod_1778691553476dc9g.jpg,GIGA Computers,99,99
1778691553477yab3,Toner HP 217A,Importado masivamente,in stock,new,19000.00 ARS,https://gigacomputers.com.ar/index.html?id=1778691553477yab3,https://gigacomputers.com.ar/assets/products/prod_1778691553477yab3.jpg,GIGA Computers,99,99
1778691553478xmvk,Toner HP 2612,Importado masivamente,in stock,new,19000.00 ARS,https://gigacomputers.com.ar/index.html?id=1778691553478xmvk,https://gigacomputers.com.ar/assets/products/prod_1778691553478xmvk.jpg,GIGA Computers,99,99
1778691553478l7mi,Toner HP 285 / 435/ 436/ 278,Importado masivamente,in stock,new,18000.00 ARS,https://gigacomputers.com.ar/index.html?id=1778691553478l7mi,https://gigacomputers.com.ar/assets/products/prod_1778691553478l7mi.jpg,GIGA Computers,99,99
17786915534795kbh,Toner HP Gneiss 48A,Importado masivamente,in stock,new,25000.00 ARS,https://gigacomputers.com.ar/index.html?id=17786915534795kbh,https://gigacomputers.com.ar/assets/products/prod_17786915534795kbh.jpg,GIGA Computers,99,99
17786915534816r0y,Toner Samsung 101,Importado masivamente,in stock,new,25000.00 ARS,https://gigacomputers.com.ar/index.html?id=17786915534816r0y,,GIGA Computers,99,99
177869155348213vn,Toner Samsung 105,Importado masivamente,in stock,new,29000.00 ARS,https://gigacomputers.com.ar/index.html?id=177869155348213vn,,GIGA Computers,99,99
17786915534836kni,Toner Samsung 111,Importado masivamente,in stock,new,26000.00 ARS,https://gigacomputers.com.ar/index.html?id=17786915534836kni,,GIGA Computers,99,99
17786937274312w6m,Consola HDMI Stick,Importado masivamente,in stock,new,49000.00 ARS,https://gigacomputers.com.ar/index.html?id=17786937274312w6m,https://gigacomputers.com.ar/assets/products/prod_17786937274312w6m.jpg,GIGA Computers,99,99
1778693727432wa4d,Consola Retro,Importado masivamente,in stock,new,39000.00 ARS,https://gigacomputers.com.ar/index.html?id=1778693727432wa4d,https://gigacomputers.com.ar/assets/products/prod_1778693727432wa4d.jpg,GIGA Computers,99,99
1778693727433vqcc,Tetris Pocket,Importado masivamente,in stock,new,7000.00 ARS,https://gigacomputers.com.ar/index.html?id=1778693727433vqcc,https://gigacomputers.com.ar/assets/products/prod_1778693727433vqcc.jpg,GIGA Computers,99,99
1778693818172vbhk,Base Cooler GTC,Importado masivamente,in stock,new,20000.00 ARS,https://gigacomputers.com.ar/index.html?id=1778693818172vbhk,https://gigacomputers.com.ar/assets/products/prod_1778693818172vbhk.jpg,GIGA Computers,99,99
1778693818173zltl,Cooler 12mm Negro,Importado masivamente,in stock,new,11000.00 ARS,https://gigacomputers.com.ar/index.html?id=1778693818173zltl,https://gigacomputers.com.ar/assets/products/prod_1778693818173zltl.jpg,GIGA Computers,99,99
17786938181743crx,Cooler 8mm de Colores,Importado masivamente,in stock,new,9500.00 ARS,https://gigacomputers.com.ar/index.html?id=17786938181743crx,https://gigacomputers.com.ar/assets/products/prod_17786938181743crx.jpg,GIGA Computers,99,99
1778693818174b0i4,Cooler Gabinete Generico 8mm,Importado masivamente,in stock,new,6000.00 ARS,https://gigacomputers.com.ar/index.html?id=1778693818174b0i4,https://gigacomputers.com.ar/assets/products/prod_1778693818174b0i4.jpg,GIGA Computers,99,99
1778694053819kg5q,Ficha Hembra Vga,Importado masivamente,in stock,new,4000.00 ARS,https://gigacomputers.com.ar/index.html?id=1778694053819kg5q,https://gigacomputers.com.ar/assets/products/prod_1778694053819kg5q.jpg,GIGA Computers,99,99
1778694053820mier,Ficha Rj45 Extencion,Importado masivamente,in stock,new,5000.00 ARS,https://gigacomputers.com.ar/index.html?id=1778694053820mier,https://gigacomputers.com.ar/assets/products/prod_1778694053820mier.jpg,GIGA Computers,99,99
17786940538217q4f,Fichas Notebook,Importado masivamente,in stock,new,1000.00 ARS,https://gigacomputers.com.ar/index.html?id=17786940538217q4f,https://gigacomputers.com.ar/assets/products/prod_17786940538217q4f.jpg,GIGA Computers,99,99
17786940860099qb2,Estabilizador Future 1000 Watts,Importado masivamente,in stock,new,49000.00 ARS,https://gigacomputers.com.ar/index.html?id=17786940860099qb2,https://gigacomputers.com.ar/assets/products/prod_17786940860099qb2.jpg,GIGA Computers,99,99
1778694086012g8t2,Estabilizador Lyonn 6 Tomas,Importado masivamente,in stock,new,64900.00 ARS,https://gigacomputers.com.ar/index.html?id=1778694086012g8t2,https://gigacomputers.com.ar/assets/products/prod_1778694086012g8t2.jpg,GIGA Computers,99,99
177869408601333ny,Fuente ATX 650W Noga,Importado masivamente,in stock,new,38500.00 ARS,https://gigacomputers.com.ar/index.html?id=177869408601333ny,https://gigacomputers.com.ar/assets/products/prod_177869408601333ny.jpg,GIGA Computers,99,99
17786940860138nmj,Fuente ATX 700W Noga,Importado masivamente,in stock,new,49500.00 ARS,https://gigacomputers.com.ar/index.html?id=17786940860138nmj,https://gigacomputers.com.ar/assets/products/prod_17786940860138nmj.jpg,GIGA Computers,99,99
17786940860149kar,Fuente ATX Kelyx 500W Cooler 12,Importado masivamente,in stock,new,45000.00 ARS,https://gigacomputers.com.ar/index.html?id=17786940860149kar,https://gigacomputers.com.ar/assets/products/prod_17786940860149kar.jpg,GIGA Computers,99,99
1778694086015yiec,Fuente de 12v / 9V 1A,Importado masivamente,in stock,new,8000.00 ARS,https://gigacomputers.com.ar/index.html?id=1778694086015yiec,https://gigacomputers.com.ar/assets/products/prod_1778694086015yiec.jpg,GIGA Computers,99,99
1778694086018rcem,Fuente de 12v / 9V 2A,Importado masivamente,in stock,new,9500.00 ARS,https://gigacomputers.com.ar/index.html?id=1778694086018rcem,https://gigacomputers.com.ar/assets/products/prod_1778694086018rcem.jpg,GIGA Computers,99,99
17786940860181yix,Fuente Multivoltaje 800Mha,Importado masivamente,in stock,new,15000.00 ARS,https://gigacomputers.com.ar/index.html?id=17786940860181yix,https://gigacomputers.com.ar/assets/products/prod_17786940860181yix.jpg,GIGA Computers,99,99
1778694086019gvhi,Fuente Noga 600W,Importado masivamente,in stock,new,38500.00 ARS,https://gigacomputers.com.ar/index.html?id=1778694086019gvhi,https://gigacomputers.com.ar/assets/products/prod_1778694086019gvhi.jpg,GIGA Computers,99,99
177869408602065ne,Fuente Noga 750w,Importado masivamente,in stock,new,65000.00 ARS,https://gigacomputers.com.ar/index.html?id=177869408602065ne,https://gigacomputers.com.ar/assets/products/prod_177869408602065ne.jpg,GIGA Computers,99,99
17786940860211po6,Fuente Noganet ATX 550W,Importado masivamente,in stock,new,35000.00 ARS,https://gigacomputers.com.ar/index.html?id=17786940860211po6,https://gigacomputers.com.ar/assets/products/prod_17786940860211po6.jpg,GIGA Computers,99,99
1778694086022hme2,PowerBank 20000Mah,Importado masivamente,in stock,new,29500.00 ARS,https://gigacomputers.com.ar/index.html?id=1778694086022hme2,https://gigacomputers.com.ar/assets/products/prod_1778694086022hme2.webp,GIGA Computers,99,99
1778694086023sgzs,PowerBank 5000mah Netmak,Importado masivamente,in stock,new,19000.00 ARS,https://gigacomputers.com.ar/index.html?id=1778694086023sgzs,https://gigacomputers.com.ar/assets/products/prod_1778694086023sgzs.jpg,GIGA Computers,99,99
1778694086024c504,PowerBank Equipos 10000Mah,Importado masivamente,in stock,new,20000.00 ARS,https://gigacomputers.com.ar/index.html?id=1778694086024c504,https://gigacomputers.com.ar/assets/products/prod_1778694086024c504.jpg,GIGA Computers,99,99
17786940860252ynw,Zapatilla 5 Tomas 1.5mts,Importado masivamente,in stock,new,11000.00 ARS,https://gigacomputers.com.ar/index.html?id=17786940860252ynw,https://gigacomputers.com.ar/assets/products/prod_17786940860252ynw.jpg,GIGA Computers,99,99
17786940860267ubn,Zapatilla 5 Tomas 3.0mts,Importado masivamente,in stock,new,14000.00 ARS,https://gigacomputers.com.ar/index.html?id=17786940860267ubn,https://gigacomputers.com.ar/assets/products/prod_17786940860267ubn.jpg,GIGA Computers,99,99
1778694086027w8yi,Zapatilla 5 Tomas 5 Metros,Importado masivamente,in stock,new,17000.00 ARS,https://gigacomputers.com.ar/index.html?id=1778694086027w8yi,https://gigacomputers.com.ar/assets/products/prod_1778694086027w8yi.jpg,GIGA Computers,99,99
1778694123408tkf3,Funda Agua para Celular,Importado masivamente,in stock,new,4000.00 ARS,https://gigacomputers.com.ar/index.html?id=1778694123408tkf3,https://gigacomputers.com.ar/assets/products/prod_1778694123408tkf3.jpg,GIGA Computers,99,99
1778694123410ksdh,Funda Notebook 14,Importado masivamente,in stock,new,25000.00 ARS,https://gigacomputers.com.ar/index.html?id=1778694123410ksdh,https://gigacomputers.com.ar/assets/products/prod_1778694123410ksdh.jpg,GIGA Computers,99,99
1778694123412hw64,Funda Notebook 15,Importado masivamente,in stock,new,28000.00 ARS,https://gigacomputers.com.ar/index.html?id=1778694123412hw64,https://gigacomputers.com.ar/assets/products/prod_1778694123412hw64.jpg,GIGA Computers,99,99
1778694123413y3of,Funda Notebook 17,Importado masivamente,in stock,new,31000.00 ARS,https://gigacomputers.com.ar/index.html?id=1778694123413y3of,https://gigacomputers.com.ar/assets/products/prod_1778694123413y3of.jpg,GIGA Computers,99,99
17786941424956ui1,Auricular Gamer Raptor Core,Importado masivamente,in stock,new,40000.00 ARS,https://gigacomputers.com.ar/index.html?id=17786941424956ui1,https://gigacomputers.com.ar/assets/products/prod_17786941424956ui1.jpg,GIGA Computers,99,99
17786941424974xpr,Auricular Gamer Raptor Inferno,Importado masivamente,in stock,new,65000.00 ARS,https://gigacomputers.com.ar/index.html?id=17786941424974xpr,https://gigacomputers.com.ar/assets/products/prod_17786941424974xpr.jpg,GIGA Computers,99,99
17786941681351v6x,Fuente Raptor 650W,Importado masivamente,in stock,new,95000.00 ARS,https://gigacomputers.com.ar/index.html?id=17786941681351v6x,https://gigacomputers.com.ar/assets/products/prod_17786941681351v6x.jpg,GIGA Computers,99,99
1778694168136x8yp,Fuente Raptor 750W,Importado masivamente,in stock,new,105000.00 ARS,https://gigacomputers.com.ar/index.html?id=1778694168136x8yp,https://gigacomputers.com.ar/assets/products/prod_1778694168136x8yp.jpg,GIGA Computers,99,99
1778694204925qaxs,Gamepad Celular X3,Importado masivamente,in stock,new,22000.00 ARS,https://gigacomputers.com.ar/index.html?id=1778694204925qaxs,https://gigacomputers.com.ar/assets/products/prod_1778694204925qaxs.jpg,GIGA Computers,99,99
17786942049274sz8,Gamepad PC USB,Importado masivamente,in stock,new,12000.00 ARS,https://gigacomputers.com.ar/index.html?id=17786942049274sz8,https://gigacomputers.com.ar/assets/products/prod_17786942049274sz8.jpg,GIGA Computers,99,99
1778694204929tl5b,Gamepad Play 4 Sony Replica,Importado masivamente,in stock,new,32500.00 ARS,https://gigacomputers.com.ar/index.html?id=1778694204929tl5b,https://gigacomputers.com.ar/assets/products/prod_1778694204929tl5b.jpg,GIGA Computers,99,99
1778694204930zrq6,Gamepad Play 5 original,Importado masivamente,in stock,new,145000.00 ARS,https://gigacomputers.com.ar/index.html?id=1778694204930zrq6,https://gigacomputers.com.ar/assets/products/prod_1778694204930zrq6.jpg,GIGA Computers,99,99
17786942049316y8q,Gamepad Replica Play 2,Importado masivamente,in stock,new,13000.00 ARS,https://gigacomputers.com.ar/index.html?id=17786942049316y8q,https://gigacomputers.com.ar/assets/products/prod_17786942049316y8q.jpg,GIGA Computers,99,99
1778694204933z9e1,Gamepad Replica Play 3,Importado masivamente,in stock,new,16500.00 ARS,https://gigacomputers.com.ar/index.html?id=1778694204933z9e1,https://gigacomputers.com.ar/assets/products/prod_1778694204933z9e1.jpg,GIGA Computers,99,99
1778694204934jndj,Gamepad Sony Play 3,Importado masivamente,in stock,new,18500.00 ARS,https://gigacomputers.com.ar/index.html?id=1778694204934jndj,https://gigacomputers.com.ar/assets/products/prod_1778694204934jndj.jpg,GIGA Computers,99,99
1778694204935g5bo,Gamepad Xbox 360 Cableado,Importado masivamente,in stock,new,35000.00 ARS,https://gigacomputers.com.ar/index.html?id=1778694204935g5bo,https://gigacomputers.com.ar/assets/products/prod_1778694204935g5bo.jpg,GIGA Computers,99,99
1778694321257uxfz,Grasa Termica Raptor,Importado masivamente,in stock,new,17000.00 ARS,https://gigacomputers.com.ar/index.html?id=1778694321257uxfz,https://gigacomputers.com.ar/assets/products/prod_1778694321257uxfz.jpg,GIGA Computers,99,99
1778694347929f8xf,Micro Sd 16GB,Importado masivamente,in stock,new,15000.00 ARS,https://gigacomputers.com.ar/index.html?id=1778694347929f8xf,https://gigacomputers.com.ar/assets/products/prod_1778694347929f8xf.jpg,GIGA Computers,99,99
1778694347931u66y,Micro Sd 32GB Clase 10,Importado masivamente,in stock,new,18000.00 ARS,https://gigacomputers.com.ar/index.html?id=1778694347931u66y,https://gigacomputers.com.ar/assets/products/prod_1778694347931u66y.jpg,GIGA Computers,99,99
1778694347932yivd,Micro Sd 64GB Clase 10,Importado masivamente,in stock,new,22000.00 ARS,https://gigacomputers.com.ar/index.html?id=1778694347932yivd,https://gigacomputers.com.ar/assets/products/prod_1778694347932yivd.jpg,GIGA Computers,99,99
1778694347933qyhi,Micro Sd de 128GB,Importado masivamente,in stock,new,35000.00 ARS,https://gigacomputers.com.ar/index.html?id=1778694347933qyhi,https://gigacomputers.com.ar/assets/products/prod_1778694347933qyhi.jpg,GIGA Computers,99,99
1778694347934nds7,Pen de 32GB Kingston,Importado masivamente,in stock,new,18000.00 ARS,https://gigacomputers.com.ar/index.html?id=1778694347934nds7,https://gigacomputers.com.ar/assets/products/prod_1778694347934nds7.jpg,GIGA Computers,99,99
1778694347935nhmd,Pendrive 128Gb,Importado masivamente,in stock,new,35000.00 ARS,https://gigacomputers.com.ar/index.html?id=1778694347935nhmd,https://gigacomputers.com.ar/assets/products/prod_1778694347935nhmd.jpg,GIGA Computers,99,99
1778694347937dnsa,Pendrive 16Gb,Importado masivamente,in stock,new,15000.00 ARS,https://gigacomputers.com.ar/index.html?id=1778694347937dnsa,https://gigacomputers.com.ar/assets/products/prod_1778694347937dnsa.jpg,GIGA Computers,99,99
177869434793813r5,Pendrive 64GB,Importado masivamente,in stock,new,22000.00 ARS,https://gigacomputers.com.ar/index.html?id=177869434793813r5,https://gigacomputers.com.ar/assets/products/prod_177869434793813r5.jpg,GIGA Computers,99,99
1778694384223a98p,Microfono Condenser Studio con Brazo,Importado masivamente,in stock,new,49000.00 ARS,https://gigacomputers.com.ar/index.html?id=1778694384223a98p,https://gigacomputers.com.ar/assets/products/prod_1778694384223a98p.jpg,GIGA Computers,99,99
177869438422408uo,Microfono Condenser Studio sin Brazo,Importado masivamente,in stock,new,25000.00 ARS,https://gigacomputers.com.ar/index.html?id=177869438422408uo,https://gigacomputers.com.ar/assets/products/prod_177869438422408uo.jpg,GIGA Computers,99,99
1778694384226vlns,Microfono Noga Gamer,Importado masivamente,in stock,new,17000.00 ARS,https://gigacomputers.com.ar/index.html?id=1778694384226vlns,https://gigacomputers.com.ar/assets/products/prod_1778694384226vlns.jpg,GIGA Computers,99,99
1778694384227ddst,Microfono Noga Streamer Con Brazo,Importado masivamente,in stock,new,49000.00 ARS,https://gigacomputers.com.ar/index.html?id=1778694384227ddst,https://gigacomputers.com.ar/assets/products/prod_1778694384227ddst.jpg,GIGA Computers,99,99
1778694599895wasi,Mouse Genius USB 110,Importado masivamente,in stock,new,8500.00 ARS,https://gigacomputers.com.ar/index.html?id=1778694599895wasi,https://gigacomputers.com.ar/assets/products/prod_1778694599895wasi.jpg,GIGA Computers,99,99
1778694599897q9tr,Mouse Inalambrico 7010 / 7015,Importado masivamente,in stock,new,18000.00 ARS,https://gigacomputers.com.ar/index.html?id=1778694599897q9tr,https://gigacomputers.com.ar/assets/products/prod_1778694599897q9tr.jpg,GIGA Computers,99,99
1778694599898gek1,Mouse Inalambrico Genius 7000,Importado masivamente,in stock,new,15000.00 ARS,https://gigacomputers.com.ar/index.html?id=1778694599898gek1,https://gigacomputers.com.ar/assets/products/prod_1778694599898gek1.jpg,GIGA Computers,99,99
1778694599899ilg7,Mouse Inalambrico Meetion R570,Importado masivamente,in stock,new,15000.00 ARS,https://gigacomputers.com.ar/index.html?id=1778694599899ilg7,https://gigacomputers.com.ar/assets/products/prod_1778694599899ilg7.jpg,GIGA Computers,99,99
177869459990030y7,Mouse Logitech G203,Importado masivamente,in stock,new,40000.00 ARS,https://gigacomputers.com.ar/index.html?id=177869459990030y7,https://gigacomputers.com.ar/assets/products/prod_177869459990030y7.jpg,GIGA Computers,99,99
17786945999014gjp,Mouse Logitech Inalambrico M170,Importado masivamente,in stock,new,16000.00 ARS,https://gigacomputers.com.ar/index.html?id=17786945999014gjp,https://gigacomputers.com.ar/assets/products/prod_17786945999014gjp.jpg,GIGA Computers,99,99
1778694599903p1ly,Mouse Logitech M110,Importado masivamente,in stock,new,15000.00 ARS,https://gigacomputers.com.ar/index.html?id=1778694599903p1ly,https://gigacomputers.com.ar/assets/products/prod_1778694599903p1ly.jpg,GIGA Computers,99,99
1778694599904oin8,Mouse Logitech M185,Importado masivamente,in stock,new,20000.00 ARS,https://gigacomputers.com.ar/index.html?id=1778694599904oin8,https://gigacomputers.com.ar/assets/products/prod_1778694599904oin8.jpg,GIGA Computers,99,99
1778694599905df9w,Mouse Logitech M190,Importado masivamente,in stock,new,21500.00 ARS,https://gigacomputers.com.ar/index.html?id=1778694599905df9w,https://gigacomputers.com.ar/assets/products/prod_1778694599905df9w.jpg,GIGA Computers,99,99
1778694599906qtib,Mouse Logitech M280,Importado masivamente,in stock,new,23500.00 ARS,https://gigacomputers.com.ar/index.html?id=1778694599906qtib,https://gigacomputers.com.ar/assets/products/prod_1778694599906qtib.jpg,GIGA Computers,99,99
1778694599907bb1e,Mouse Logitech M90,Importado masivamente,in stock,new,10000.00 ARS,https://gigacomputers.com.ar/index.html?id=1778694599907bb1e,https://gigacomputers.com.ar/assets/products/prod_1778694599907bb1e.jpg,GIGA Computers,99,99
177869459990979u1,Mouse Recargable Noga Azul 610,Importado masivamente,in stock,new,20000.00 ARS,https://gigacomputers.com.ar/index.html?id=177869459990979u1,https://gigacomputers.com.ar/assets/products/prod_177869459990979u1.jpg,GIGA Computers,99,99
1778694599910pvib,Mouse USB Comun,Importado masivamente,in stock,new,5000.00 ARS,https://gigacomputers.com.ar/index.html?id=1778694599910pvib,https://gigacomputers.com.ar/assets/products/prod_1778694599910pvib.jpg,GIGA Computers,99,99
1778694665892gv10,Mouse Pad Gel Niños,Importado masivamente,in stock,new,9500.00 ARS,https://gigacomputers.com.ar/index.html?id=1778694665892gv10,https://gigacomputers.com.ar/assets/products/prod_1778694665892gv10.jpg,GIGA Computers,99,99
1778694665895jkr5,MousePad Comun chico,Importado masivamente,in stock,new,4000.00 ARS,https://gigacomputers.com.ar/index.html?id=1778694665895jkr5,https://gigacomputers.com.ar/assets/products/prod_1778694665895jkr5.jpg,GIGA Computers,99,99
1778694665896pc8t,MousePad Comun Grande,Importado masivamente,in stock,new,6000.00 ARS,https://gigacomputers.com.ar/index.html?id=1778694665896pc8t,https://gigacomputers.com.ar/assets/products/prod_1778694665896pc8t.jpg,GIGA Computers,99,99
1778694665897y2ci,MousePad Corsair M100,Importado masivamente,in stock,new,29000.00 ARS,https://gigacomputers.com.ar/index.html?id=1778694665897y2ci,https://gigacomputers.com.ar/assets/products/prod_1778694665897y2ci.jpg,GIGA Computers,99,99
1778694665898svuv,MousePad Gel,Importado masivamente,in stock,new,8000.00 ARS,https://gigacomputers.com.ar/index.html?id=1778694665898svuv,https://gigacomputers.com.ar/assets/products/prod_1778694665898svuv.jpg,GIGA Computers,99,99
1778694665900nj7j,MousePad Genius P100,Importado masivamente,in stock,new,25000.00 ARS,https://gigacomputers.com.ar/index.html?id=1778694665900nj7j,https://gigacomputers.com.ar/assets/products/prod_1778694665900nj7j.jpg,GIGA Computers,99,99
1778694665901txck,Pad Corcho Chico,Importado masivamente,in stock,new,7000.00 ARS,https://gigacomputers.com.ar/index.html?id=1778694665901txck,https://gigacomputers.com.ar/assets/products/prod_1778694665901txck.jpg,GIGA Computers,99,99
1778694665902gq5c,Pad Corcho Grande,Importado masivamente,in stock,new,12000.00 ARS,https://gigacomputers.com.ar/index.html?id=1778694665902gq5c,https://gigacomputers.com.ar/assets/products/prod_1778694665902gq5c.jpg,GIGA Computers,99,99
1778694701659gdkt,Parlante Genius BT380,Importado masivamente,in stock,new,45000.00 ARS,https://gigacomputers.com.ar/index.html?id=1778694701659gdkt,https://gigacomputers.com.ar/assets/products/prod_1778694701659gdkt.jpg,GIGA Computers,99,99
177869470166185sf,Parlante Genius HF180,Importado masivamente,in stock,new,28000.00 ARS,https://gigacomputers.com.ar/index.html?id=177869470166185sf,https://gigacomputers.com.ar/assets/products/prod_177869470166185sf.jpg,GIGA Computers,99,99
1778694701662qzlx,Parlante Genius HF280,Importado masivamente,in stock,new,28000.00 ARS,https://gigacomputers.com.ar/index.html?id=1778694701662qzlx,https://gigacomputers.com.ar/assets/products/prod_1778694701662qzlx.jpg,GIGA Computers,99,99
1778694701663qmx8,Parlante Noga PC 509,Importado masivamente,in stock,new,17000.00 ARS,https://gigacomputers.com.ar/index.html?id=1778694701663qmx8,https://gigacomputers.com.ar/assets/products/prod_1778694701663qmx8.jpg,GIGA Computers,99,99
1778694701665pe47,Parlante Noga PC 512,Importado masivamente,in stock,new,15000.00 ARS,https://gigacomputers.com.ar/index.html?id=1778694701665pe47,https://gigacomputers.com.ar/assets/products/prod_1778694701665pe47.jpg,GIGA Computers,99,99
1778694701666i6t6,Parlante Qugo con Mic/1383,Importado masivamente,in stock,new,18000.00 ARS,https://gigacomputers.com.ar/index.html?id=1778694701666i6t6,https://gigacomputers.com.ar/assets/products/prod_1778694701666i6t6.jpg,GIGA Computers,99,99
1778694701668s2j7,Parlante RP911,Importado masivamente,in stock,new,24000.00 ARS,https://gigacomputers.com.ar/index.html?id=1778694701668s2j7,https://gigacomputers.com.ar/assets/products/prod_1778694701668s2j7.jpg,GIGA Computers,99,99
17786947016690u1w,PArlantes JBL Replica Charge 3+,Importado masivamente,in stock,new,39000.00 ARS,https://gigacomputers.com.ar/index.html?id=17786947016690u1w,https://gigacomputers.com.ar/assets/products/prod_17786947016690u1w.jpg,GIGA Computers,99,99
177869475824159v2,Bateria Eveready 9v,Importado masivamente,in stock,new,4000.00 ARS,https://gigacomputers.com.ar/index.html?id=177869475824159v2,https://gigacomputers.com.ar/assets/products/prod_177869475824159v2.jpg,GIGA Computers,99,99
1778694758243h0x9,Bateria 9v Energizer,Importado masivamente,in stock,new,6500.00 ARS,https://gigacomputers.com.ar/index.html?id=1778694758243h0x9,https://gigacomputers.com.ar/assets/products/prod_1778694758243h0x9.jpg,GIGA Computers,99,99
1778694758244bikg,Baterias Recargables 18650,Importado masivamente,in stock,new,7000.00 ARS,https://gigacomputers.com.ar/index.html?id=1778694758244bikg,https://gigacomputers.com.ar/assets/products/prod_1778694758244bikg.jpg,GIGA Computers,99,99
1778694758246hu73,Pila 1130,Importado masivamente,in stock,new,1000.00 ARS,https://gigacomputers.com.ar/index.html?id=1778694758246hu73,https://gigacomputers.com.ar/assets/products/prod_1778694758246hu73.webp,GIGA Computers,99,99
1778694758247f6za,Pila CR2,Importado masivamente,in stock,new,7000.00 ARS,https://gigacomputers.com.ar/index.html?id=1778694758247f6za,https://gigacomputers.com.ar/assets/products/prod_1778694758247f6za.jpg,GIGA Computers,99,99
1778694758248hbmj,Pilas A23,Importado masivamente,in stock,new,2500.00 ARS,https://gigacomputers.com.ar/index.html?id=1778694758248hbmj,https://gigacomputers.com.ar/assets/products/prod_1778694758248hbmj.jpg,GIGA Computers,99,99
17786947582498d7z,Pilas A27,Importado masivamente,in stock,new,2500.00 ARS,https://gigacomputers.com.ar/index.html?id=17786947582498d7z,https://gigacomputers.com.ar/assets/products/prod_17786947582498d7z.jpg,GIGA Computers,99,99
1778694758250u7pk,Pilas AA Recargables Noga,Importado masivamente,in stock,new,4500.00 ARS,https://gigacomputers.com.ar/index.html?id=1778694758250u7pk,https://gigacomputers.com.ar/assets/products/prod_1778694758250u7pk.jpg,GIGA Computers,99,99
1778694758253pg9s,Pilas AAA Recargables Noga,Importado masivamente,in stock,new,4500.00 ARS,https://gigacomputers.com.ar/index.html?id=1778694758253pg9s,https://gigacomputers.com.ar/assets/products/prod_1778694758253pg9s.jpg,GIGA Computers,99,99
1778694758254pab2,Pilas Alcalinas Energizer,Importado masivamente,in stock,new,1500.00 ARS,https://gigacomputers.com.ar/index.html?id=1778694758254pab2,https://gigacomputers.com.ar/assets/products/prod_1778694758254pab2.jpg,GIGA Computers,99,99
17786947582567viy,Pilas Audifonos,Importado masivamente,in stock,new,2000.00 ARS,https://gigacomputers.com.ar/index.html?id=17786947582567viy,https://gigacomputers.com.ar/assets/products/prod_17786947582567viy.jpg,GIGA Computers,99,99
17786947582572wu1,Pilas CR 2016,Importado masivamente,in stock,new,1500.00 ARS,https://gigacomputers.com.ar/index.html?id=17786947582572wu1,https://gigacomputers.com.ar/assets/products/prod_17786947582572wu1.jpg,GIGA Computers,99,99
1778694758258fuzu,Pilas CR 2025,Importado masivamente,in stock,new,1500.00 ARS,https://gigacomputers.com.ar/index.html?id=1778694758258fuzu,https://gigacomputers.com.ar/assets/products/prod_1778694758258fuzu.jpg,GIGA Computers,99,99
17786947802487cko,Pilas CR 2032,Importado masivamente,in stock,new,1500.00 ARS,https://gigacomputers.com.ar/index.html?id=17786947802487cko,https://gigacomputers.com.ar/assets/products/prod_17786947802487cko.jpg,GIGA Computers,99,99
1778694780250cqnw,Pilas LR44,Importado masivamente,in stock,new,1000.00 ARS,https://gigacomputers.com.ar/index.html?id=1778694780250cqnw,https://gigacomputers.com.ar/assets/products/prod_1778694780250cqnw.jpg,GIGA Computers,99,99
1778694818567eo9k,Aire Grande Chemitec,Importado masivamente,in stock,new,17000.00 ARS,https://gigacomputers.com.ar/index.html?id=1778694818567eo9k,https://gigacomputers.com.ar/assets/products/prod_1778694818567eo9k.jpg,GIGA Computers,99,99
1778694818568tw5c,Alcohol Isopropilico 1 Litro,Importado masivamente,in stock,new,25000.00 ARS,https://gigacomputers.com.ar/index.html?id=1778694818568tw5c,https://gigacomputers.com.ar/assets/products/prod_1778694818568tw5c.jpg,GIGA Computers,99,99
17786948185707pf1,Alcohol Isopropilico 500 cc,Importado masivamente,in stock,new,15000.00 ARS,https://gigacomputers.com.ar/index.html?id=17786948185707pf1,https://gigacomputers.com.ar/assets/products/prod_17786948185707pf1.jpg,GIGA Computers,99,99
17786948185712saf,Alcohol Isopropilico Botella 250cm,Importado masivamente,in stock,new,11000.00 ARS,https://gigacomputers.com.ar/index.html?id=17786948185712saf,https://gigacomputers.com.ar/assets/products/prod_17786948185712saf.jpg,GIGA Computers,99,99
17786948185737g9i,Grasa Siliconada Delta Jeringa,Importado masivamente,in stock,new,7000.00 ARS,https://gigacomputers.com.ar/index.html?id=17786948185737g9i,https://gigacomputers.com.ar/assets/products/prod_17786948185737g9i.jpg,GIGA Computers,99,99
1778694818574lw06,Grasa Siliconada Servex Jeringa plateada,Importado masivamente,in stock,new,7500.00 ARS,https://gigacomputers.com.ar/index.html?id=1778694818574lw06,https://gigacomputers.com.ar/assets/products/prod_1778694818574lw06.jpg,GIGA Computers,99,99
1778694818576kow6,Grasa Termica Corsair Tm-30,Importado masivamente,in stock,new,17000.00 ARS,https://gigacomputers.com.ar/index.html?id=1778694818576kow6,https://gigacomputers.com.ar/assets/products/prod_1778694818576kow6.jpg,GIGA Computers,99,99
1778694818577fnwd,Kit Limpia LCD Generico,Importado masivamente,in stock,new,7500.00 ARS,https://gigacomputers.com.ar/index.html?id=1778694818577fnwd,https://gigacomputers.com.ar/assets/products/prod_1778694818577fnwd.jpg,GIGA Computers,99,99
1778694868799w0lg,Radio Suono Chica,Importado masivamente,in stock,new,15000.00 ARS,https://gigacomputers.com.ar/index.html?id=1778694868799w0lg,https://gigacomputers.com.ar/assets/products/prod_1778694868799w0lg.jpg,GIGA Computers,99,99
1778694868801ou7e,Radio Suono Mediana,Importado masivamente,in stock,new,17500.00 ARS,https://gigacomputers.com.ar/index.html?id=1778694868801ou7e,https://gigacomputers.com.ar/assets/products/prod_1778694868801ou7e.jpg,GIGA Computers,99,99
17786951739233z6n,Access Point Tplink 850RE,Importado masivamente,in stock,new,57000.00 ARS,https://gigacomputers.com.ar/index.html?id=17786951739233z6n,https://gigacomputers.com.ar/assets/products/prod_17786951739233z6n.jpg,GIGA Computers,99,99
1778695173925rwgi,Access Point Tplink RE200,Importado masivamente,in stock,new,55000.00 ARS,https://gigacomputers.com.ar/index.html?id=1778695173925rwgi,https://gigacomputers.com.ar/assets/products/prod_1778695173925rwgi.jpg,GIGA Computers,99,99
177869520057975y5,Adaptador Usb a Rj45 Lan Noganet,Importado masivamente,in stock,new,14500.00 ARS,https://gigacomputers.com.ar/index.html?id=177869520057975y5,https://gigacomputers.com.ar/assets/products/prod_177869520057975y5.jpg,GIGA Computers,99,99
1778695200581ab3u,Adaptadores Usb Kit,Importado masivamente,in stock,new,6000.00 ARS,https://gigacomputers.com.ar/index.html?id=1778695200581ab3u,https://gigacomputers.com.ar/assets/products/prod_1778695200581ab3u.jpg,GIGA Computers,99,99
1778695226610veqm,Auricular Marshall Bluetooth In Ear,Importado masivamente,in stock,new,35000.00 ARS,https://gigacomputers.com.ar/index.html?id=1778695226610veqm,https://gigacomputers.com.ar/assets/products/prod_1778695226610veqm.jpg,GIGA Computers,99,99
17786952266114286,Auricular Marshall Bluetooth Vincha,Importado masivamente,in stock,new,45000.00 ARS,https://gigacomputers.com.ar/index.html?id=17786952266114286,https://gigacomputers.com.ar/assets/products/prod_17786952266114286.jpg,GIGA Computers,99,99
1778695226612filp,Auricular P9 - P9 pro max,Importado masivamente,in stock,new,15000.00 ARS,https://gigacomputers.com.ar/index.html?id=1778695226612filp,https://gigacomputers.com.ar/assets/products/prod_1778695226612filp.jpg,GIGA Computers,99,99
17786952266155bn1,Auricular Xiaomi Buds Lite 4,Importado masivamente,in stock,new,45000.00 ARS,https://gigacomputers.com.ar/index.html?id=17786952266155bn1,https://gigacomputers.com.ar/assets/products/prod_17786952266155bn1.jpg,GIGA Computers,99,99
17786952531438kyu,Base Cargador Gamepad Play 5,Importado masivamente,in stock,new,15000.00 ARS,https://gigacomputers.com.ar/index.html?id=17786952531438kyu,https://gigacomputers.com.ar/assets/products/prod_17786952531438kyu.jpg,GIGA Computers,99,99
1778695284471r5ov,Bateria 9v recargable,Importado masivamente,in stock,new,13500.00 ARS,https://gigacomputers.com.ar/index.html?id=1778695284471r5ov,https://gigacomputers.com.ar/assets/products/prod_1778695284471r5ov.jpg,GIGA Computers,99,99
1778695307397wkvm,Cabezal 5v,Importado masivamente,in stock,new,5500.00 ARS,https://gigacomputers.com.ar/index.html?id=1778695307397wkvm,https://gigacomputers.com.ar/assets/products/prod_1778695307397wkvm.jpg,GIGA Computers,99,99
1778695307400bnci,Cabezal Iphone Tipo C,Importado masivamente,in stock,new,10000.00 ARS,https://gigacomputers.com.ar/index.html?id=1778695307400bnci,https://gigacomputers.com.ar/assets/products/prod_1778695307400bnci.jpg,GIGA Computers,99,99
1778695333948esdq,Cable HDMI 7.5Mts,Importado masivamente,in stock,new,11000.00 ARS,https://gigacomputers.com.ar/index.html?id=1778695333948esdq,https://gigacomputers.com.ar/assets/products/prod_1778695333948esdq.jpg,GIGA Computers,99,99
17786953629717ta2,Camara IP Domo Wifi HD,Importado masivamente,in stock,new,49000.00 ARS,https://gigacomputers.com.ar/index.html?id=17786953629717ta2,https://gigacomputers.com.ar/assets/products/prod_17786953629717ta2.jpg,GIGA Computers,99,99
1778695362974hjwn,Camara Ip Externa,Importado masivamente,in stock,new,59000.00 ARS,https://gigacomputers.com.ar/index.html?id=1778695362974hjwn,https://gigacomputers.com.ar/assets/products/prod_1778695362974hjwn.jpg,GIGA Computers,99,99
1778695362975oire,Camara Ip Interna,Importado masivamente,in stock,new,30000.00 ARS,https://gigacomputers.com.ar/index.html?id=1778695362975oire,https://gigacomputers.com.ar/assets/products/prod_1778695362975oire.jpg,GIGA Computers,99,99
1778695427817aoch,Combo Havit Inalambrico,Importado masivamente,in stock,new,30000.00 ARS,https://gigacomputers.com.ar/index.html?id=1778695427817aoch,https://gigacomputers.com.ar/assets/products/prod_1778695427817aoch.jpg,GIGA Computers,99,99
1778695460792u6pn,Destornillador Kit Profesional,Importado masivamente,in stock,new,23000.00 ARS,https://gigacomputers.com.ar/index.html?id=1778695460792u6pn,https://gigacomputers.com.ar/assets/products/prod_1778695460792u6pn.jpg,GIGA Computers,99,99
17786954809750z6h,Gamepad Xbox 360 Inalambrico,Importado masivamente,in stock,new,49500.00 ARS,https://gigacomputers.com.ar/index.html?id=17786954809750z6h,https://gigacomputers.com.ar/assets/products/prod_17786954809750z6h.jpg,GIGA Computers,99,99
1778695518110qud5,Hdmi TV Stick,Importado masivamente,in stock,new,49000.00 ARS,https://gigacomputers.com.ar/index.html?id=1778695518110qud5,https://gigacomputers.com.ar/assets/products/prod_1778695518110qud5.jpg,GIGA Computers,99,99
177869553779719f6,Laser Recargable,Importado masivamente,in stock,new,10000.00 ARS,https://gigacomputers.com.ar/index.html?id=177869553779719f6,https://gigacomputers.com.ar/assets/products/prod_177869553779719f6.jpg,GIGA Computers,99,99
1778695537799vva1,Linterna Encendedor,Importado masivamente,in stock,new,8000.00 ARS,https://gigacomputers.com.ar/index.html?id=1778695537799vva1,https://gigacomputers.com.ar/assets/products/prod_1778695537799vva1.jpg,GIGA Computers,99,99
1778695562700b8yo,Microfono K8 inalambrico,Importado masivamente,in stock,new,14500.00 ARS,https://gigacomputers.com.ar/index.html?id=1778695562700b8yo,https://gigacomputers.com.ar/assets/products/prod_1778695562700b8yo.jpg,GIGA Computers,99,99
1778695562703vvbt,Microfono K9,Importado masivamente,in stock,new,19500.00 ARS,https://gigacomputers.com.ar/index.html?id=1778695562703vvbt,https://gigacomputers.com.ar/assets/products/prod_1778695562703vvbt.jpg,GIGA Computers,99,99
1778695581427allm,Mouse inalambrico/bluethoot,Importado masivamente,in stock,new,12000.00 ARS,https://gigacomputers.com.ar/index.html?id=1778695581427allm,https://gigacomputers.com.ar/assets/products/prod_1778695581427allm.jpg,GIGA Computers,99,99
17786956025158hcw,Numerico Mini Inalambrico,Importado masivamente,in stock,new,16000.00 ARS,https://gigacomputers.com.ar/index.html?id=17786956025158hcw,https://gigacomputers.com.ar/assets/products/prod_17786956025158hcw.jpg,GIGA Computers,99,99
17786956287868fml,Parlante Ezra para Bici,Importado masivamente,in stock,new,22000.00 ARS,https://gigacomputers.com.ar/index.html?id=17786956287868fml,https://gigacomputers.com.ar/assets/products/prod_17786956287868fml.jpg,GIGA Computers,99,99
1778695628788yd1m,Parlante Netmak Bora,Importado masivamente,in stock,new,35000.00 ARS,https://gigacomputers.com.ar/index.html?id=1778695628788yd1m,https://gigacomputers.com.ar/assets/products/prod_1778695628788yd1m.jpg,GIGA Computers,99,99
17786956574760ke5,Pendrive 256Gb,Importado masivamente,in stock,new,59000.00 ARS,https://gigacomputers.com.ar/index.html?id=17786956574760ke5,https://gigacomputers.com.ar/assets/products/prod_17786956574760ke5.jpg,GIGA Computers,99,99
1778695684688cdzs,PIla D Energizer,Importado masivamente,in stock,new,6000.00 ARS,https://gigacomputers.com.ar/index.html?id=1778695684688cdzs,https://gigacomputers.com.ar/assets/products/prod_1778695684688cdzs.jpg,GIGA Computers,99,99
177869568469179fo,Pilas C,Importado masivamente,in stock,new,2200.00 ARS,https://gigacomputers.com.ar/index.html?id=177869568469179fo,https://gigacomputers.com.ar/assets/products/prod_177869568469179fo.jpg,GIGA Computers,99,99
1778695684692k9vn,Pilas Recargables Deleex AA,Importado masivamente,in stock,new,3500.00 ARS,https://gigacomputers.com.ar/index.html?id=1778695684692k9vn,https://gigacomputers.com.ar/assets/products/prod_1778695684692k9vn.jpg,GIGA Computers,99,99
1778695684694qz94,Pilas Recargables Deleex AAA,Importado masivamente,in stock,new,3500.00 ARS,https://gigacomputers.com.ar/index.html?id=1778695684694qz94,https://gigacomputers.com.ar/assets/products/prod_1778695684694qz94.jpg,GIGA Computers,99,99
1778695711417rvf1,Placa Wifi Mercusys 150,Importado masivamente,in stock,new,16000.00 ARS,https://gigacomputers.com.ar/index.html?id=1778695711417rvf1,https://gigacomputers.com.ar/assets/products/prod_1778695711417rvf1.jpg,GIGA Computers,99,99
1778695711419k6jr,Placa Wifi Mercusys 300,Importado masivamente,in stock,new,19000.00 ARS,https://gigacomputers.com.ar/index.html?id=1778695711419k6jr,https://gigacomputers.com.ar/assets/products/prod_1778695711419k6jr.png,GIGA Computers,99,99
1778695711420rvw3,Placa Wifi Tplink AC600 Dual Band Grande,Importado masivamente,in stock,new,26000.00 ARS,https://gigacomputers.com.ar/index.html?id=1778695711420rvw3,https://gigacomputers.com.ar/assets/products/prod_1778695711420rvw3.jpg,GIGA Computers,99,99
1778695711422fsro,Placa Wifi USB Dinax 300,Importado masivamente,in stock,new,9500.00 ARS,https://gigacomputers.com.ar/index.html?id=1778695711422fsro,https://gigacomputers.com.ar/assets/products/prod_1778695711422fsro.jpg,GIGA Computers,99,99
1778695742774hf7c,Power Bank Kaber 10000MAH,Importado masivamente,in stock,new,23500.00 ARS,https://gigacomputers.com.ar/index.html?id=1778695742774hf7c,https://gigacomputers.com.ar/assets/products/prod_1778695742774hf7c.jpg,GIGA Computers,99,99
17786957427769uj7,Power Bank kaber 20000MAH,Importado masivamente,in stock,new,29500.00 ARS,https://gigacomputers.com.ar/index.html?id=17786957427769uj7,https://gigacomputers.com.ar/assets/products/prod_17786957427769uj7.jpg,GIGA Computers,99,99
1778695771821wgw1,Radio Meier Grande,Importado masivamente,in stock,new,59000.00 ARS,https://gigacomputers.com.ar/index.html?id=1778695771821wgw1,https://gigacomputers.com.ar/assets/products/prod_1778695771821wgw1.jpg,GIGA Computers,99,99
17786957718241puv,Radio Meier Mediana,Importado masivamente,in stock,new,39000.00 ARS,https://gigacomputers.com.ar/index.html?id=17786957718241puv,https://gigacomputers.com.ar/assets/products/prod_17786957718241puv.jpg,GIGA Computers,99,99
17786958035188c93,Repetidor RE300N,Importado masivamente,in stock,new,19000.00 ARS,https://gigacomputers.com.ar/index.html?id=17786958035188c93,https://gigacomputers.com.ar/assets/products/prod_17786958035188c93.jpg,GIGA Computers,99,99
17786958035208j9a,Repetidor Wifi Mercusys,Importado masivamente,in stock,new,39600.00 ARS,https://gigacomputers.com.ar/index.html?id=17786958035208j9a,https://gigacomputers.com.ar/assets/products/prod_17786958035208j9a.jpg,GIGA Computers,99,99
1778695803522aapb,Router Mercusys 325,Importado masivamente,in stock,new,39000.00 ARS,https://gigacomputers.com.ar/index.html?id=1778695803522aapb,https://gigacomputers.com.ar/assets/products/prod_1778695803522aapb.jpg,GIGA Computers,99,99
17786958035234tjm,Router Tplink AC750,Importado masivamente,in stock,new,52000.00 ARS,https://gigacomputers.com.ar/index.html?id=17786958035234tjm,https://gigacomputers.com.ar/assets/products/prod_17786958035234tjm.jpg,GIGA Computers,99,99
1778695841146r70a,Smartwatch con Auriculares,Importado masivamente,in stock,new,39000.00 ARS,https://gigacomputers.com.ar/index.html?id=1778695841146r70a,https://gigacomputers.com.ar/assets/products/prod_1778695841146r70a.jpg,GIGA Computers,99,99
1778695863073rlae,Soporte Plegable Notebook Metal,Importado masivamente,in stock,new,12500.00 ARS,https://gigacomputers.com.ar/index.html?id=1778695863073rlae,https://gigacomputers.com.ar/assets/products/prod_1778695863073rlae.jpg,GIGA Computers,99,99
17786958870406nw7,Switch Tplink 5 Ports,Importado masivamente,in stock,new,23500.00 ARS,https://gigacomputers.com.ar/index.html?id=17786958870406nw7,https://gigacomputers.com.ar/assets/products/prod_17786958870406nw7.jpg,GIGA Computers,99,99
1778695887042y98h,Switch Tplink 8 Ports,Importado masivamente,in stock,new,29500.00 ARS,https://gigacomputers.com.ar/index.html?id=1778695887042y98h,https://gigacomputers.com.ar/assets/products/prod_1778695887042y98h.jpg,GIGA Computers,99,99
1778695910223dfnb,Teclado Bluetooth Noga Plegable,Importado masivamente,in stock,new,25000.00 ARS,https://gigacomputers.com.ar/index.html?id=1778695910223dfnb,https://gigacomputers.com.ar/assets/products/prod_1778695910223dfnb.jpg,GIGA Computers,99,99
1778695910225mnru,Teclado Raptor Mecanico,Importado masivamente,in stock,new,69000.00 ARS,https://gigacomputers.com.ar/index.html?id=1778695910225mnru,https://gigacomputers.com.ar/assets/products/prod_1778695910225mnru.jpg,GIGA Computers,99,99
17786963080094qg9,Toner Brother 1060,Importado masivamente,in stock,new,14000.00 ARS,https://gigacomputers.com.ar/index.html?id=17786963080094qg9,https://gigacomputers.com.ar/assets/products/prod_17786963080094qg9.jpg,GIGA Computers,99,99
177869630801214yu,Toner W1500,Importado masivamente,in stock,new,32000.00 ARS,https://gigacomputers.com.ar/index.html?id=177869630801214yu,https://gigacomputers.com.ar/assets/products/prod_177869630801214yu.jpg,GIGA Computers,99,99
1778696327378q454,Ventilador Desk Fan,Importado masivamente,in stock,new,17000.00 ARS,https://gigacomputers.com.ar/index.html?id=1778696327378q454,https://gigacomputers.com.ar/assets/products/prod_1778696327378q454.jpg,GIGA Computers,99,99
1778696348239anx1,Auricular Iphone airpods Max,Importado masivamente,in stock,new,59000.00 ARS,https://gigacomputers.com.ar/index.html?id=1778696348239anx1,https://gigacomputers.com.ar/assets/products/prod_1778696348239anx1.jpg,GIGA Computers,99,99
17786964035266f4n,Reloj Band,Importado masivamente,in stock,new,9000.00 ARS,https://gigacomputers.com.ar/index.html?id=17786964035266f4n,https://gigacomputers.com.ar/assets/products/prod_17786964035266f4n.jpg,GIGA Computers,99,99
1778696403527xg56,Reloj Despertador Digital,Importado masivamente,in stock,new,12000.00 ARS,https://gigacomputers.com.ar/index.html?id=1778696403527xg56,https://gigacomputers.com.ar/assets/products/prod_1778696403527xg56.jpg,GIGA Computers,99,99
1778696403529yobs,Smart Watch T10,Importado masivamente,in stock,new,23000.00 ARS,https://gigacomputers.com.ar/index.html?id=1778696403529yobs,https://gigacomputers.com.ar/assets/products/prod_1778696403529yobs.jpg,GIGA Computers,99,99
1778696403530ry4s,SmartWatch Netmak Plus+,Importado masivamente,in stock,new,60000.00 ARS,https://gigacomputers.com.ar/index.html?id=1778696403530ry4s,https://gigacomputers.com.ar/assets/products/prod_1778696403530ry4s.jpg,GIGA Computers,99,99
17786964244131b5j,Brazo Celular,Importado masivamente,in stock,new,7500.00 ARS,https://gigacomputers.com.ar/index.html?id=17786964244131b5j,https://gigacomputers.com.ar/assets/products/prod_17786964244131b5j.jpg,GIGA Computers,99,99
1778696424415o3d4,Soporte Auto Long Neck,Importado masivamente,in stock,new,13500.00 ARS,https://gigacomputers.com.ar/index.html?id=1778696424415o3d4,https://gigacomputers.com.ar/assets/products/prod_1778696424415o3d4.jpg,GIGA Computers,99,99
1778696424416f7nl,Soporte Bici Weather,Importado masivamente,in stock,new,15500.00 ARS,https://gigacomputers.com.ar/index.html?id=1778696424416f7nl,https://gigacomputers.com.ar/assets/products/prod_1778696424416f7nl.jpg,GIGA Computers,99,99
1778696424417ynxm,Soporte Celular Auto C/Iman,Importado masivamente,in stock,new,19500.00 ARS,https://gigacomputers.com.ar/index.html?id=1778696424417ynxm,https://gigacomputers.com.ar/assets/products/prod_1778696424417ynxm.jpg,GIGA Computers,99,99
1778696424419uspz,Soporte LCD con Movimiento Brazo,Importado masivamente,in stock,new,19500.00 ARS,https://gigacomputers.com.ar/index.html?id=1778696424419uspz,https://gigacomputers.com.ar/assets/products/prod_1778696424419uspz.jpg,GIGA Computers,99,99
1778696424421ecpc,Soporte LCD Chico,Importado masivamente,in stock,new,9500.00 ARS,https://gigacomputers.com.ar/index.html?id=1778696424421ecpc,https://gigacomputers.com.ar/assets/products/prod_1778696424421ecpc.jpg,GIGA Computers,99,99
1778696424422qcd9,Soporte LCD Mediano,Importado masivamente,in stock,new,13500.00 ARS,https://gigacomputers.com.ar/index.html?id=1778696424422qcd9,https://gigacomputers.com.ar/assets/products/prod_1778696424422qcd9.jpg,GIGA Computers,99,99
1778696424424bt6l,Soporte Torpedo Celular,Importado masivamente,in stock,new,5000.00 ARS,https://gigacomputers.com.ar/index.html?id=1778696424424bt6l,https://gigacomputers.com.ar/assets/products/prod_1778696424424bt6l.jpg,GIGA Computers,99,99
1778696424425ak8x,Tripode Camaras Grande,Importado masivamente,in stock,new,16500.00 ARS,https://gigacomputers.com.ar/index.html?id=1778696424425ak8x,https://gigacomputers.com.ar/assets/products/prod_1778696424425ak8x.jpg,GIGA Computers,99,99
1778696454092s2za,Teclado Bluetooth Mini,Importado masivamente,in stock,new,25000.00 ARS,https://gigacomputers.com.ar/index.html?id=1778696454092s2za,https://gigacomputers.com.ar/assets/products/prod_1778696454092s2za.jpg,GIGA Computers,99,99
1778696454093iv4f,Teclado Comun USB,Importado masivamente,in stock,new,9500.00 ARS,https://gigacomputers.com.ar/index.html?id=1778696454093iv4f,https://gigacomputers.com.ar/assets/products/prod_1778696454093iv4f.jpg,GIGA Computers,99,99
1778696454095ld2y,Teclado Ganon XS Noga,Importado masivamente,in stock,new,49000.00 ARS,https://gigacomputers.com.ar/index.html?id=1778696454095ld2y,https://gigacomputers.com.ar/assets/products/prod_1778696454095ld2y.jpg,GIGA Computers,99,99
1778696454096xwdn,Teclado Ganon XS Noga Sin Numerico,Importado masivamente,in stock,new,49000.00 ARS,https://gigacomputers.com.ar/index.html?id=1778696454096xwdn,https://gigacomputers.com.ar/assets/products/prod_1778696454096xwdn.jpg,GIGA Computers,99,99
1778696454098cw58,Teclado Genius Combo Slimstar 8008 8006,Importado masivamente,in stock,new,39000.00 ARS,https://gigacomputers.com.ar/index.html?id=1778696454098cw58,https://gigacomputers.com.ar/assets/products/prod_1778696454098cw58.jpg,GIGA Computers,99,99
17786964541008hdf,Teclado Genius Luxemate i100,Importado masivamente,in stock,new,19500.00 ARS,https://gigacomputers.com.ar/index.html?id=17786964541008hdf,https://gigacomputers.com.ar/assets/products/prod_17786964541008hdf.jpg,GIGA Computers,99,99
1778696454102yly7,Teclado Genius Slimstar 100 110 USB KB125 128,Importado masivamente,in stock,new,16500.00 ARS,https://gigacomputers.com.ar/index.html?id=1778696454102yly7,https://gigacomputers.com.ar/assets/products/prod_1778696454102yly7.jpg,GIGA Computers,99,99
1778696454104nv64,Teclado Genius Slimstar 230,Importado masivamente,in stock,new,23000.00 ARS,https://gigacomputers.com.ar/index.html?id=1778696454104nv64,https://gigacomputers.com.ar/assets/products/prod_1778696454104nv64.jpg,GIGA Computers,99,99
1778696454106wn25,Teclado Inalambico Logitech MK270,Importado masivamente,in stock,new,44000.00 ARS,https://gigacomputers.com.ar/index.html?id=1778696454106wn25,https://gigacomputers.com.ar/assets/products/prod_1778696454106wn25.jpg,GIGA Computers,99,99
1778696454107vzmv,Teclado Inalambrico Genius KB-8000,Importado masivamente,in stock,new,39000.00 ARS,https://gigacomputers.com.ar/index.html?id=1778696454107vzmv,https://gigacomputers.com.ar/assets/products/prod_1778696454107vzmv.jpg,GIGA Computers,99,99
1778696454109715q,Teclado Inalambrico Logitech 295,Importado masivamente,in stock,new,89000.00 ARS,https://gigacomputers.com.ar/index.html?id=1778696454109715q,https://gigacomputers.com.ar/assets/products/prod_1778696454109715q.jpg,GIGA Computers,99,99
1778696454110oh2v,Teclado Inalambrico MK235 Logitech,Importado masivamente,in stock,new,42000.00 ARS,https://gigacomputers.com.ar/index.html?id=1778696454110oh2v,https://gigacomputers.com.ar/assets/products/prod_1778696454110oh2v.jpg,GIGA Computers,99,99
1778696454115rv5i,Teclado Netmak Tactical,Importado masivamente,in stock,new,25000.00 ARS,https://gigacomputers.com.ar/index.html?id=1778696454115rv5i,https://gigacomputers.com.ar/assets/products/prod_1778696454115rv5i.jpg,GIGA Computers,99,99
1778696454117nn5d,Teclado Noga Mini NKB78033,Importado masivamente,in stock,new,13500.00 ARS,https://gigacomputers.com.ar/index.html?id=1778696454117nn5d,https://gigacomputers.com.ar/assets/products/prod_1778696454117nn5d.jpg,GIGA Computers,99,99
1778696454119f9hg,Teclado Numerico Genius,Importado masivamente,in stock,new,19000.00 ARS,https://gigacomputers.com.ar/index.html?id=1778696454119f9hg,https://gigacomputers.com.ar/assets/products/prod_1778696454119f9hg.jpg,GIGA Computers,99,99
1778696556929jzqy,Webcam Kelyx 1080,Importado masivamente,in stock,new,21000.00 ARS,https://gigacomputers.com.ar/index.html?id=1778696556929jzqy,https://gigacomputers.com.ar/assets/products/prod_1778696556929jzqy.jpg,GIGA Computers,99,99
17786965569311x1m,Webcam Netmak 1080,Importado masivamente,in stock,new,30000.00 ARS,https://gigacomputers.com.ar/index.html?id=17786965569311x1m,https://gigacomputers.com.ar/assets/products/prod_17786965569311x1m.jpg,GIGA Computers,99,99
1778696556933xx5a,Webcam Noga 1080p,Importado masivamente,in stock,new,30250.00 ARS,https://gigacomputers.com.ar/index.html?id=1778696556933xx5a,https://gigacomputers.com.ar/assets/products/prod_1778696556933xx5a.jpg,GIGA Computers,99,99
17786965569352rsn,Webcam Noga 720,Importado masivamente,in stock,new,11000.00 ARS,https://gigacomputers.com.ar/index.html?id=17786965569352rsn,https://gigacomputers.com.ar/assets/products/prod_17786965569352rsn.jpg,GIGA Computers,99,99
1779281836211yb3r,Smartwatch X7,Smartwatch X7,in stock,new,17000.00 ARS,https://gigacomputers.com.ar/index.html?id=1779281836211yb3r,,GIGA Computers,99,99
1779281881385of71,Ip Cam Mini,Ip Cam Mini,in stock,new,13000.00 ARS,https://gigacomputers.com.ar/index.html?id=1779281881385of71,,GIGA Computers,99,99
17792819220004511,Capturadora HDMI,Capturadora HDMI,in stock,new,15000.00 ARS,https://gigacomputers.com.ar/index.html?id=17792819220004511,,GIGA Computers,99,99
17792820024450ejp,Air Keyboard,Air Keyboard,in stock,new,20000.00 ARS,https://gigacomputers.com.ar/index.html?id=17792820024450ejp,,GIGA Computers,99,99
1779282305251epmr,Auricular Sport Wireless,Auricular Sport Wireless,in stock,new,20000.00 ARS,https://gigacomputers.com.ar/index.html?id=1779282305251epmr,,GIGA Computers,99,99
1779282345745hkqf,Microfono Live Havit,Microfono Live Havit,in stock,new,75000.00 ARS,https://gigacomputers.com.ar/index.html?id=1779282345745hkqf,,GIGA Computers,99,99
17792824110370ar5,Auricular Motorola Tipo C,Auricular Motorola Tipo C,in stock,new,9500.00 ARS,https://gigacomputers.com.ar/index.html?id=17792824110370ar5,,GIGA Computers,99,99
1779282470076l16s,Parlante Despertador,Parlante Despertador,in stock,new,25000.00 ARS,https://gigacomputers.com.ar/index.html?id=1779282470076l16s,,GIGA Computers,99,99
1779282763945hbir,Cable Tipo C a Miniplug,Cable Tipo C a Miniplug,in stock,new,6000.00 ARS,https://gigacomputers.com.ar/index.html?id=1779282763945hbir,,GIGA Computers,99,99
1779282888180h4f5,Parlante PC V360,Parlante PC V360,in stock,new,14000.00 ARS,https://gigacomputers.com.ar/index.html?id=1779282888180h4f5,,GIGA Computers,99,99
17792830533515y75,Radio Recargable Solar,Radio Recargable Solar,in stock,new,39000.00 ARS,https://gigacomputers.com.ar/index.html?id=17792830533515y75,,GIGA Computers,99,99
177928311124400ny,Router Mercusys AC1200,Router Mercusys AC1200,in stock,new,49000.00 ARS,https://gigacomputers.com.ar/index.html?id=177928311124400ny,,GIGA Computers,99,99
1779283159139aux6,Router Mercusys AC300,Router Mercusys AC300,in stock,new,35000.00 ARS,https://gigacomputers.com.ar/index.html?id=1779283159139aux6,,GIGA Computers,99,99
17792832187121snz,Memory Card PS2,Memory Card PS2,in stock,new,15000.00 ARS,https://gigacomputers.com.ar/index.html?id=17792832187121snz,,GIGA Computers,99,99
1779283417521v44z,Cargador Samsung 45W,Cargador Samsung 45W,in stock,new,12000.00 ARS,https://gigacomputers.com.ar/index.html?id=1779283417521v44z,,GIGA Computers,99,99
17792836160029721,Cargador Inalambrico Iphone,Cargador Inalambrico Iphone,in stock,new,19500.00 ARS,https://gigacomputers.com.ar/index.html?id=17792836160029721,,GIGA Computers,99,99
1779283823450bl5a,Microfono Havit RGB,Microfono Havit RGB,in stock,new,39000.00 ARS,https://gigacomputers.com.ar/index.html?id=1779283823450bl5a,,GIGA Computers,99,99
177928387800906it,Cooler RGB Havit,Cooler RGB Havit,in stock,new,19000.00 ARS,https://gigacomputers.com.ar/index.html?id=177928387800906it,,GIGA Computers,99,99
1779284034059axr7,Barra Parlante Alchemy,Barra Parlante Alchemy,in stock,new,28000.00 ARS,https://gigacomputers.com.ar/index.html?id=1779284034059axr7,,GIGA Computers,99,99
1779284103656bt14,Mouse Gamer Havit,Mouse Gamer Havit,in stock,new,20000.00 ARS,https://gigacomputers.com.ar/index.html?id=1779284103656bt14,,GIGA Computers,99,99
1779284218836jwed,Smartwatch LTY,Smartwatch LTY,in stock,new,50000.00 ARS,https://gigacomputers.com.ar/index.html?id=1779284218836jwed,,GIGA Computers,99,99
1779284285514v7n1,Cable Miniplug 3 Vias,Cable Miniplug 3 Vias,in stock,new,8000.00 ARS,https://gigacomputers.com.ar/index.html?id=1779284285514v7n1,,GIGA Computers,99,99
1779284348304e15w,Pad Teclado Gel,Pad Teclado Gel,in stock,new,15000.00 ARS,https://gigacomputers.com.ar/index.html?id=1779284348304e15w,,GIGA Computers,99,99
1779284482891p0aa,Battery Pack Iphone,Battery Pack Iphone,in stock,new,30000.00 ARS,https://gigacomputers.com.ar/index.html?id=1779284482891p0aa,,GIGA Computers,99,99
1779284727530wkcy,Auricular Bluetooth Niños,Auricular Bluetooth Niños,in stock,new,25000.00 ARS,https://gigacomputers.com.ar/index.html?id=1779284727530wkcy,,GIGA Computers,99,99
1779285171082p8cd,Ficha Plug a Miniplug,Ficha Plug a Miniplug,in stock,new,2500.00 ARS,https://gigacomputers.com.ar/index.html?id=1779285171082p8cd,,GIGA Computers,99,99
1779285211872uwvk,Ficha Miniplug a Plug,Ficha Miniplug a Plug,in stock,new,2500.00 ARS,https://gigacomputers.com.ar/index.html?id=1779285211872uwvk,,GIGA Computers,99,99
1779285413073jj3b,Soporte Moto Espejo,Soporte Moto Espejo,in stock,new,11000.00 ARS,https://gigacomputers.com.ar/index.html?id=1779285413073jj3b,,GIGA Computers,99,99
1779285487510ap1z,Ficha Audio Doble,Ficha Audio Doble,in stock,new,2500.00 ARS,https://gigacomputers.com.ar/index.html?id=1779285487510ap1z,,GIGA Computers,99,99
17792855449088al1,Hub 4 Ports 3.0,Hub 4 Ports 3.0,in stock,new,9000.00 ARS,https://gigacomputers.com.ar/index.html?id=17792855449088al1,,GIGA Computers,99,99
17792856202818w32,Zapatilla con USB Carga Rapida,Zapatilla con USB Carga Rapida,in stock,new,29000.00 ARS,https://gigacomputers.com.ar/index.html?id=17792856202818w32,,GIGA Computers,99,99
177928575034999a0,Luz Usb Redonda,Luz Usb Redonda,in stock,new,12000.00 ARS,https://gigacomputers.com.ar/index.html?id=177928575034999a0,,GIGA Computers,99,99
1779285826178kyjk,Adaptador Tipo C a Rj45,Adaptador Tipo C a Rj45,in stock,new,16000.00 ARS,https://gigacomputers.com.ar/index.html?id=1779285826178kyjk,,GIGA Computers,99,99
1779286145942nvtr,Raqueta Mosquitos Recargable,Raqueta Mosquitos Recargable,in stock,new,15000.00 ARS,https://gigacomputers.com.ar/index.html?id=1779286145942nvtr,,GIGA Computers,99,99
1779809524683nuuf,Mini Aspiradora Portatil,Mini Aspiradora Portatil,in stock,new,12000.00 ARS,https://gigacomputers.com.ar/index.html?id=1779809524683nuuf,,GIGA Computers,99,99
1779809629999afy7,MousePad Raptor XL,MousePad Raptor XL,in stock,new,25000.00 ARS,https://gigacomputers.com.ar/index.html?id=1779809629999afy7,,GIGA Computers,99,99
17798097411149fda,Parlante Meetion 2011,Parlante Meetion 2011,in stock,new,18000.00 ARS,https://gigacomputers.com.ar/index.html?id=17798097411149fda,,GIGA Computers,99,99
1779809845686cmb9,MousePad Havit Large,MousePad Havit Large,in stock,new,20000.00 ARS,https://gigacomputers.com.ar/index.html?id=1779809845686cmb9,,GIGA Computers,99,99
1779809988657louu,Cabezal Kaber Encendedor,Cabezal Kaber Encendedor,in stock,new,9500.00 ARS,https://gigacomputers.com.ar/index.html?id=1779809988657louu,,GIGA Computers,99,99
1779810254000fagf,Teclado Netmak Mecanico,Teclado Netmak Mecanico,in stock,new,59000.00 ARS,https://gigacomputers.com.ar/index.html?id=1779810254000fagf,,GIGA Computers,99,99
1779810338748n2n4,Espejo Led,Espejo Led,in stock,new,18000.00 ARS,https://gigacomputers.com.ar/index.html?id=1779810338748n2n4,,GIGA Computers,99,99
1780065258814r5to,Cooler Raptor AMD Intel,Cooler Raptor AMD Intel,in stock,new,25000.00 ARS,https://gigacomputers.com.ar/index.html?id=1780065258814r5to,,GIGA Computers,99,99
178006658576340on,CarPlay Android,CarPlay Android,in stock,new,39000.00 ARS,https://gigacomputers.com.ar/index.html?id=178006658576340on,,GIGA Computers,99,99